{
  "SAP_score": 0.00524,
  "elapsed_time": 6.707446098327637,
  "uuid": "dcf5c14b-10d3-4f94-808b-1d75c1959e8f"
}