{
    "epoch30000": {
        "factor_vae_metric": 0.3888,
        "modularity_score": 0.738268256284998,
        "sap_score": 0.0031599999999999953,
        "mig": 0.00824140238185664,
        "dci": 0.028986118971196906
    },
    "step30000": {
        "factor_vae_metric": 0.6126,
        "modularity_score": 0.8878746330414021,
        "sap_score": 0.07732000000000001,
        "mig": 0.15924166360471487,
        "dci": 0.22143958114290388
    },
    "step60000": {
        "factor_vae_metric": 0.637,
        "modularity_score": 0.8844838091402849,
        "sap_score": 0.07347999999999999,
        "mig": 0.15553172991452174,
        "dci": 0.23410542320652952
    },
    "step90000": {
        "factor_vae_metric": 0.6676,
        "modularity_score": 0.9152784459387291,
        "sap_score": 0.06516,
        "mig": 0.1475435871760014,
        "dci": 0.23314137895799997
    },
    "step120000": {
        "factor_vae_metric": 0.6636,
        "modularity_score": 0.9030266251185793,
        "sap_score": 0.0664,
        "mig": 0.14228863170070372,
        "dci": 0.23356928635375515
    },
    "step150000": {
        "factor_vae_metric": 0.6334,
        "modularity_score": 0.8805423467493558,
        "sap_score": 0.061399999999999996,
        "mig": 0.13373688513032267,
        "dci": 0.22988720268988022
    },
    "step180000": {
        "factor_vae_metric": 0.6338,
        "modularity_score": 0.8747172637103826,
        "sap_score": 0.06224,
        "mig": 0.13680060811045952,
        "dci": 0.22525566021230442
    },
    "step210000": {
        "factor_vae_metric": 0.6404,
        "modularity_score": 0.905465409620037,
        "sap_score": 0.05408,
        "mig": 0.13795809876768086,
        "dci": 0.2202343245256156
    },
    "step240000": {
        "factor_vae_metric": 0.6364,
        "modularity_score": 0.9132482313804198,
        "sap_score": 0.051480000000000005,
        "mig": 0.14244832944889702,
        "dci": 0.22130344530217527
    },
    "step270000": {
        "factor_vae_metric": 0.639,
        "modularity_score": 0.9043292777837628,
        "sap_score": 0.051879999999999996,
        "mig": 0.15516767868609874,
        "dci": 0.2355308812613896
    },
    "step300000": {
        "factor_vae_metric": 0.6438,
        "modularity_score": 0.9426526361957859,
        "sap_score": 0.05432,
        "mig": 0.16498373112688086,
        "dci": 0.2434533678329518
    }
}