{
    "epoch30000": {
        "factor_vae_metric": 0.3888,
        "modularity_score": 0.738268256284998,
        "sap_score": 0.0031599999999999953,
        "mig": 0.00824140238185664,
        "dci": 0.028986118971196906
    },
    "step30000": {
        "factor_vae_metric": 0.546,
        "modularity_score": 0.8213238888254832,
        "sap_score": 0.018759999999999992,
        "mig": 0.06901001000041189,
        "dci": 0.1408221579972043
    },
    "step60000": {
        "factor_vae_metric": 0.54,
        "modularity_score": 0.8160417887433258,
        "sap_score": 0.019200000000000005,
        "mig": 0.08136682897897733,
        "dci": 0.15118140609690386
    },
    "step90000": {
        "factor_vae_metric": 0.509,
        "modularity_score": 0.8996356013264377,
        "sap_score": 0.02364,
        "mig": 0.09342059999127063,
        "dci": 0.1309840013446137
    },
    "step120000": {
        "factor_vae_metric": 0.5494,
        "modularity_score": 0.8997799927715316,
        "sap_score": 0.025519999999999987,
        "mig": 0.11244691535364781,
        "dci": 0.1395938158782072
    },
    "step150000": {
        "factor_vae_metric": 0.5546,
        "modularity_score": 0.8387912368428163,
        "sap_score": 0.025359999999999987,
        "mig": 0.11935326339522048,
        "dci": 0.1406986858684108
    },
    "step180000": {
        "factor_vae_metric": 0.5512,
        "modularity_score": 0.8733811927914784,
        "sap_score": 0.011479999999999999,
        "mig": 0.12387567321032729,
        "dci": 0.14382163839502082
    },
    "step210000": {
        "factor_vae_metric": 0.5468,
        "modularity_score": 0.8750105670551959,
        "sap_score": 0.011760000000000015,
        "mig": 0.11816062051654112,
        "dci": 0.14704043898191432
    },
    "step240000": {
        "factor_vae_metric": 0.5504,
        "modularity_score": 0.8561324584784256,
        "sap_score": 0.016839999999999987,
        "mig": 0.12990090781368663,
        "dci": 0.13968926804538825
    },
    "step270000": {
        "factor_vae_metric": 0.536,
        "modularity_score": 0.879488236873426,
        "sap_score": 0.016199999999999996,
        "mig": 0.13525716713751743,
        "dci": 0.14379016015607526
    },
    "step300000": {
        "factor_vae_metric": 0.5278,
        "modularity_score": 0.8847066955909936,
        "sap_score": 0.013600000000000004,
        "mig": 0.13250420422509307,
        "dci": 0.13615509321438382
    }
}