{
  "SAP_score": 0.007480000000000003,
  "elapsed_time": 3.4398415088653564,
  "uuid": "a2c46f2f-2655-4b61-bc63-cc8e7a1d4688"
}