{
  "modularity_score": 0.8143055761299747,
  "explicitness_score_train": 0.7849060268640937,
  "explicitness_score_test": 0.7713976950001131,
  "elapsed_time": 8.568655967712402,
  "uuid": "a597d367-cdc0-4dc9-9316-51b9cb90b16b"
}