{
  "modularity_score": 0.7506666345298945,
  "explicitness_score_train": 0.7803217041294959,
  "explicitness_score_test": 0.7690340416341969,
  "elapsed_time": 9.409623384475708,
  "uuid": "e6239650-fd64-434a-8d18-1d02b1aea057"
}