{
  "SAP_score": 0.010440000000000001,
  "elapsed_time": 6.834909200668335,
  "uuid": "70632b56-db26-4374-9808-428b8d87e593"
}