{
  "SAP_score": 0.06899999999999999,
  "elapsed_time": 3.4791553020477295,
  "uuid": "dd6f829b-f795-48de-a09f-1d44167e0bb6"
}