{
    "step30000": {
        "factor_vae_metric": 0.6382,
        "modularity_score": 0.9189957324909315,
        "sap_score": 0.033440000000000004,
        "mig": 0.054988308665510556,
        "dci": 0.15322220270355225
    },
    "step60000": {
        "factor_vae_metric": 0.6822,
        "modularity_score": 0.9222459722737615,
        "sap_score": 0.033440000000000004,
        "mig": 0.06376938384201963,
        "dci": 0.1650211330587008
    },
    "step90000": {
        "factor_vae_metric": 0.7386,
        "modularity_score": 0.9474976035843126,
        "sap_score": 0.03764000000000001,
        "mig": 0.07420090198950903,
        "dci": 0.19480385072004058
    },
    "step120000": {
        "factor_vae_metric": 0.7766,
        "modularity_score": 0.9374231116930177,
        "sap_score": 0.04243999999999999,
        "mig": 0.0764762130649421,
        "dci": 0.22752923772149003
    },
    "step150000": {
        "factor_vae_metric": 0.8112,
        "modularity_score": 0.9182920731251407,
        "sap_score": 0.043,
        "mig": 0.08666431669815573,
        "dci": 0.2554300974718842
    },
    "step180000": {
        "factor_vae_metric": 0.8358,
        "modularity_score": 0.9310360117224553,
        "sap_score": 0.04391999999999998,
        "mig": 0.09803125580106464,
        "dci": 0.2839460562963154
    },
    "step210000": {
        "factor_vae_metric": 0.8358,
        "modularity_score": 0.9276406825707312,
        "sap_score": 0.041400000000000006,
        "mig": 0.1036511505503814,
        "dci": 0.30953861989948056
    },
    "step240000": {
        "factor_vae_metric": 0.8334,
        "modularity_score": 0.9086724119554555,
        "sap_score": 0.042280000000000005,
        "mig": 0.10561124275476694,
        "dci": 0.3238966092367473
    },
    "step270000": {
        "factor_vae_metric": 0.837,
        "modularity_score": 0.9199834683663914,
        "sap_score": 0.0402,
        "mig": 0.10450958183056278,
        "dci": 0.3384389536282915
    },
    "step300000": {
        "factor_vae_metric": 0.8362,
        "modularity_score": 0.9298431351086418,
        "sap_score": 0.03708,
        "mig": 0.10215795719347767,
        "dci": 0.346864545417419
    }
}