{
    "epoch100": {
        "factor_vae_metric": 0.4472,
        "modularity_score": 0.8439012008685806,
        "sap_score": 0.0038000000000000004,
        "mig": 0.015494531528356156,
        "dci": 0.03462405291910392
    },
    "epoch200": {
        "factor_vae_metric": 0.4202,
        "modularity_score": 0.8185397615246254,
        "sap_score": 0.006560000000000008,
        "mig": 0.01684469351859621,
        "dci": 0.02825429716474745
    },
    "epoch300": {
        "factor_vae_metric": 0.421,
        "modularity_score": 0.8158416279250955,
        "sap_score": 0.009399999999999995,
        "mig": 0.016378796352419036,
        "dci": 0.024072261220299512
    },
    "epoch400": {
        "factor_vae_metric": 0.4174,
        "modularity_score": 0.8144468735557009,
        "sap_score": 0.009439999999999995,
        "mig": 0.014012289746464021,
        "dci": 0.02242793409730011
    },
    "epoch500": {
        "factor_vae_metric": 0.4194,
        "modularity_score": 0.8081187682708875,
        "sap_score": 0.010119999999999997,
        "mig": 0.01366312073376504,
        "dci": 0.022173874238811543
    },
    "epoch600": {
        "factor_vae_metric": 0.4202,
        "modularity_score": 0.8044698360728791,
        "sap_score": 0.01175999999999999,
        "mig": 0.01496550339100675,
        "dci": 0.021863174576974193
    },
    "epoch700": {
        "factor_vae_metric": 0.4134,
        "modularity_score": 0.784490196838637,
        "sap_score": 0.012640000000000004,
        "mig": 0.013427936426800185,
        "dci": 0.02201065932977811
    },
    "epoch800": {
        "factor_vae_metric": 0.4044,
        "modularity_score": 0.7963546507140491,
        "sap_score": 0.009720000000000001,
        "mig": 0.012779631618620616,
        "dci": 0.022189270683717673
    },
    "epoch900": {
        "factor_vae_metric": 0.4,
        "modularity_score": 0.7933467092501829,
        "sap_score": 0.012439999999999994,
        "mig": 0.012031705225530698,
        "dci": 0.0224736453078241
    },
    "epoch1000": {
        "factor_vae_metric": 0.3952,
        "modularity_score": 0.792404495819298,
        "sap_score": 0.010440000000000001,
        "mig": 0.011553271738728601,
        "dci": 0.02226737354587952
    }
}