{
    "step30000": {
        "factor_vae_metric": 0.5302,
        "modularity_score": 0.8812041581379558,
        "sap_score": 0.005439999999999995,
        "mig": 0.016392357750560565,
        "dci": 0.1034006306108349
    },
    "step60000": {
        "factor_vae_metric": 0.6218,
        "modularity_score": 0.8471542915163625,
        "sap_score": 0.012560000000000007,
        "mig": 0.037078763090154,
        "dci": 0.14742710196487563
    },
    "step90000": {
        "factor_vae_metric": 0.6898,
        "modularity_score": 0.8298409121889831,
        "sap_score": 0.021519999999999997,
        "mig": 0.057795816495915475,
        "dci": 0.1715317268026647
    },
    "step120000": {
        "factor_vae_metric": 0.739,
        "modularity_score": 0.858240917605784,
        "sap_score": 0.024240000000000008,
        "mig": 0.08739410873893541,
        "dci": 0.20661756895318317
    },
    "step150000": {
        "factor_vae_metric": 0.7792,
        "modularity_score": 0.8619194554812125,
        "sap_score": 0.02380000000000001,
        "mig": 0.10592883987979129,
        "dci": 0.23786046757488252
    },
    "step180000": {
        "factor_vae_metric": 0.783,
        "modularity_score": 0.8577343562965485,
        "sap_score": 0.02619999999999999,
        "mig": 0.12008628261033394,
        "dci": 0.26365287516152314
    },
    "step210000": {
        "factor_vae_metric": 0.7864,
        "modularity_score": 0.8594483262216466,
        "sap_score": 0.02572000000000001,
        "mig": 0.12543377390564184,
        "dci": 0.28063572055296404
    },
    "step240000": {
        "factor_vae_metric": 0.791,
        "modularity_score": 0.8900122668947207,
        "sap_score": 0.027759999999999996,
        "mig": 0.12222523226618254,
        "dci": 0.2930944984674482
    },
    "step270000": {
        "factor_vae_metric": 0.7936,
        "modularity_score": 0.8744971618825609,
        "sap_score": 0.029359999999999997,
        "mig": 0.12423728246380505,
        "dci": 0.300814112174586
    },
    "step300000": {
        "factor_vae_metric": 0.8044,
        "modularity_score": 0.8643985446566533,
        "sap_score": 0.031999999999999994,
        "mig": 0.12616763029822775,
        "dci": 0.30821750009448307
    }
}