{
    "step30000": {
        "factor_vae_metric": 0.5644,
        "modularity_score": 0.8802865375893305,
        "sap_score": 0.052879999999999996,
        "mig": 0.06524989377421406,
        "dci": 0.11027577095262454
    },
    "step60000": {
        "factor_vae_metric": 0.5138,
        "modularity_score": 0.8477209541806117,
        "sap_score": 0.03991999999999999,
        "mig": 0.0688520905097792,
        "dci": 0.1078355995507238
    },
    "step90000": {
        "factor_vae_metric": 0.5114,
        "modularity_score": 0.8493039157889605,
        "sap_score": 0.037840000000000006,
        "mig": 0.07172683839077824,
        "dci": 0.09316581283998686
    },
    "step120000": {
        "factor_vae_metric": 0.5006,
        "modularity_score": 0.8522485665813175,
        "sap_score": 0.034,
        "mig": 0.0688282639816844,
        "dci": 0.08441967100905966
    },
    "step150000": {
        "factor_vae_metric": 0.501,
        "modularity_score": 0.8437088133674624,
        "sap_score": 0.0334,
        "mig": 0.06867818694477787,
        "dci": 0.08287309757536458
    },
    "step180000": {
        "factor_vae_metric": 0.5068,
        "modularity_score": 0.8473542818243176,
        "sap_score": 0.01568,
        "mig": 0.052113773202522695,
        "dci": 0.08736000474900073
    },
    "step210000": {
        "factor_vae_metric": 0.49,
        "modularity_score": 0.8456575400899633,
        "sap_score": 0.022439999999999984,
        "mig": 0.05970489240863488,
        "dci": 0.07802224451880388
    },
    "step240000": {
        "factor_vae_metric": 0.4924,
        "modularity_score": 0.8633787147457215,
        "sap_score": 0.014679999999999988,
        "mig": 0.05345883555212842,
        "dci": 0.07866085942704511
    },
    "step270000": {
        "factor_vae_metric": 0.4912,
        "modularity_score": 0.8398178852607318,
        "sap_score": 0.01576,
        "mig": 0.05174144487433317,
        "dci": 0.07237740277791314
    },
    "step300000": {
        "factor_vae_metric": 0.504,
        "modularity_score": 0.853590451505102,
        "sap_score": 0.007480000000000003,
        "mig": 0.03477797819046963,
        "dci": 0.0875420810062819
    }
}