{
    "epoch100": {
        "factor_vae_metric": 0.3844,
        "modularity_score": 0.7890762826638865,
        "sap_score": 0.005,
        "mig": 0.009387773322145947,
        "dci": 0.02285927751243362
    },
    "epoch200": {
        "factor_vae_metric": 0.3706,
        "modularity_score": 0.7743871511546018,
        "sap_score": 0.005360000000000005,
        "mig": 0.007565923343093228,
        "dci": 0.017354466505693517
    },
    "epoch300": {
        "factor_vae_metric": 0.3648,
        "modularity_score": 0.774047215608803,
        "sap_score": 0.0054399999999999995,
        "mig": 0.006377651859447758,
        "dci": 0.015899470254866373
    },
    "epoch400": {
        "factor_vae_metric": 0.3502,
        "modularity_score": 0.766464672060368,
        "sap_score": 0.004719999999999998,
        "mig": 0.006216224111546623,
        "dci": 0.013835787315944838
    },
    "epoch500": {
        "factor_vae_metric": 0.3536,
        "modularity_score": 0.769089783898403,
        "sap_score": 0.006000000000000002,
        "mig": 0.0044678615327968865,
        "dci": 0.013087997683976399
    },
    "epoch600": {
        "factor_vae_metric": 0.3472,
        "modularity_score": 0.7602981475624248,
        "sap_score": 0.005760000000000001,
        "mig": 0.004824549563039829,
        "dci": 0.01273226575447401
    },
    "epoch700": {
        "factor_vae_metric": 0.3488,
        "modularity_score": 0.7568891628481145,
        "sap_score": 0.006039999999999999,
        "mig": 0.004137175152623346,
        "dci": 0.012356627255562537
    },
    "epoch800": {
        "factor_vae_metric": 0.3676,
        "modularity_score": 0.7511746251296907,
        "sap_score": 0.005879999999999998,
        "mig": 0.0033870499888889968,
        "dci": 0.012250523633469708
    },
    "epoch900": {
        "factor_vae_metric": 0.3758,
        "modularity_score": 0.7560542049191292,
        "sap_score": 0.005000000000000003,
        "mig": 0.003751888737730359,
        "dci": 0.01236943337647147
    },
    "epoch1000": {
        "factor_vae_metric": 0.3704,
        "modularity_score": 0.7622845877952654,
        "sap_score": 0.0058800000000000015,
        "mig": 0.0033164554744867783,
        "dci": 0.011089591601188482
    }
}