{
  "modularity_score": 0.9087240831698876,
  "explicitness_score_train": 0.9655502404557404,
  "explicitness_score_test": 0.9632737478612274,
  "elapsed_time": 5.500638961791992,
  "uuid": "5ca27e3e-9291-43f8-b9c7-e2914c2ddc69"
}