{
  "SAP_score": 0.05432,
  "elapsed_time": 6.6775803565979,
  "uuid": "26e1c123-cfb4-4c6f-9e84-2a941d197aad"
}