{
  "SAP_score": 0.013600000000000004,
  "elapsed_time": 3.538886547088623,
  "uuid": "982abde0-24f4-49a6-823f-c83b670472dc"
}