{"factor_vae_metric": 0.9654, "modularity_score": 0.9226037330571728, "sap_score": 0.11444000000000001, "mig": 0.5893291982388863}