{
    "epoch100": {
        "factor_vae_metric": 0.8734,
        "modularity_score": 0.7801126956976416,
        "sap_score": 0.06967999999999999,
        "mig": 0.38734084257708196,
        "dci": 0.5325513133240982
    },
    "epoch200": {
        "factor_vae_metric": 0.8856,
        "modularity_score": 0.802386667112571,
        "sap_score": 0.06936,
        "mig": 0.39410313101614436,
        "dci": 0.5538236827839845
    },
    "epoch300": {
        "factor_vae_metric": 0.92,
        "modularity_score": 0.8540149707999809,
        "sap_score": 0.07932000000000002,
        "mig": 0.41336930934297184,
        "dci": 0.5784075396432913
    },
    "epoch400": {
        "factor_vae_metric": 0.9382,
        "modularity_score": 0.8933686725058443,
        "sap_score": 0.08619999999999997,
        "mig": 0.44853946381876886,
        "dci": 0.6143624596718097
    },
    "epoch500": {
        "factor_vae_metric": 0.9502,
        "modularity_score": 0.8731215865046323,
        "sap_score": 0.09803999999999999,
        "mig": 0.4691010575058063,
        "dci": 0.6369138816252613
    },
    "epoch600": {
        "factor_vae_metric": 0.9602,
        "modularity_score": 0.8742425831472314,
        "sap_score": 0.09795999999999999,
        "mig": 0.4731776160660134,
        "dci": 0.6584475702992578
    },
    "epoch700": {
        "factor_vae_metric": 0.9644,
        "modularity_score": 0.9111587934021733,
        "sap_score": 0.09984,
        "mig": 0.47279897922305614,
        "dci": 0.6722950353315416
    },
    "epoch800": {
        "factor_vae_metric": 0.9552,
        "modularity_score": 0.9182517019521246,
        "sap_score": 0.11164,
        "mig": 0.493029800365142,
        "dci": 0.6836739972218221
    },
    "epoch900": {
        "factor_vae_metric": 0.953,
        "modularity_score": 0.8623771397610023,
        "sap_score": 0.10651999999999999,
        "mig": 0.495548834667523,
        "dci": 0.6970989116271122
    },
    "epoch1000": {
        "factor_vae_metric": 0.948,
        "modularity_score": 0.8944288243295535,
        "sap_score": 0.1092,
        "mig": 0.5013271800445462,
        "dci": 0.7135078185926583
    }
}