{
    "epoch100": {
        "factor_vae_metric": 0.8622,
        "modularity_score": 0.8206305685497719,
        "sap_score": 0.06323999999999999,
        "mig": 0.3720975257962965,
        "dci": 0.5343995752739465
    },
    "epoch200": {
        "factor_vae_metric": 0.8734,
        "modularity_score": 0.8876361144097137,
        "sap_score": 0.08615999999999999,
        "mig": 0.4125463063337965,
        "dci": 0.5469988777053019
    },
    "epoch300": {
        "factor_vae_metric": 0.9276,
        "modularity_score": 0.8997445052259252,
        "sap_score": 0.09824000000000002,
        "mig": 0.4997934905087778,
        "dci": 0.624123683307741
    },
    "epoch400": {
        "factor_vae_metric": 0.9258,
        "modularity_score": 0.900560775423768,
        "sap_score": 0.10712000000000002,
        "mig": 0.5697556497097003,
        "dci": 0.7058538536638096
    },
    "epoch500": {
        "factor_vae_metric": 0.9146,
        "modularity_score": 0.9097841282559693,
        "sap_score": 0.1072,
        "mig": 0.5910142176676173,
        "dci": 0.7346019837319524
    },
    "epoch600": {
        "factor_vae_metric": 0.9162,
        "modularity_score": 0.9228903691329993,
        "sap_score": 0.11436000000000002,
        "mig": 0.6020774032540832,
        "dci": 0.7589639685707774
    },
    "epoch700": {
        "factor_vae_metric": 0.9156,
        "modularity_score": 0.9281451160868492,
        "sap_score": 0.11656,
        "mig": 0.6058214203497475,
        "dci": 0.7782348242437626
    },
    "epoch800": {
        "factor_vae_metric": 0.9418,
        "modularity_score": 0.9311541746374576,
        "sap_score": 0.12408,
        "mig": 0.6066104232128009,
        "dci": 0.7941377761880876
    },
    "epoch900": {
        "factor_vae_metric": 0.9494,
        "modularity_score": 0.9380151432211841,
        "sap_score": 0.12067999999999997,
        "mig": 0.6104351857356288,
        "dci": 0.7929455187845569
    },
    "epoch1000": {
        "factor_vae_metric": 0.9544,
        "modularity_score": 0.9413874174995586,
        "sap_score": 0.12279999999999998,
        "mig": 0.611489177846362,
        "dci": 0.8050645280368577
    }
}