{
  "SAP_score": 0.009280000000000012,
  "elapsed_time": 3.794060230255127,
  "uuid": "078d1b48-206f-42ca-9c75-ce5dcbb32d65"
}