{
  "SAP_score": 0.010839999999999992,
  "elapsed_time": 3.7500271797180176,
  "uuid": "4a1ac4b4-2b32-4f56-bc81-dba24f238214"
}