{
  "SAP_score": 0.12080000000000002,
  "elapsed_time": 3.3690738677978516,
  "uuid": "9df3ff06-a64b-413a-ba10-a7068b7f5787"
}