{
    "step30000": {
        "factor_vae_metric": 0.7892,
        "modularity_score": 0.8161692254109066,
        "sap_score": 0.05828,
        "mig": 0.2887857529489483,
        "dci": 0.4186972843132553
    },
    "step60000": {
        "factor_vae_metric": 0.8716,
        "modularity_score": 0.845818028088364,
        "sap_score": 0.07712,
        "mig": 0.38485404025506703,
        "dci": 0.5410326631067829
    },
    "step90000": {
        "factor_vae_metric": 0.9148,
        "modularity_score": 0.8632416517828446,
        "sap_score": 0.08268,
        "mig": 0.42155479728592293,
        "dci": 0.5699636449887211
    },
    "step120000": {
        "factor_vae_metric": 0.9316,
        "modularity_score": 0.9006234499342399,
        "sap_score": 0.12816,
        "mig": 0.5131230684192103,
        "dci": 0.66982435591825
    },
    "step150000": {
        "factor_vae_metric": 0.9492,
        "modularity_score": 0.9030275519309253,
        "sap_score": 0.13416,
        "mig": 0.5598149182799668,
        "dci": 0.7272257436136432
    },
    "step180000": {
        "factor_vae_metric": 0.9326,
        "modularity_score": 0.9173756716768022,
        "sap_score": 0.13339999999999996,
        "mig": 0.582835466532397,
        "dci": 0.7521093155482456
    },
    "step210000": {
        "factor_vae_metric": 0.9418,
        "modularity_score": 0.921556660853376,
        "sap_score": 0.13052000000000002,
        "mig": 0.589580036909334,
        "dci": 0.771293417851607
    },
    "step240000": {
        "factor_vae_metric": 0.9544,
        "modularity_score": 0.9241284857826593,
        "sap_score": 0.1274,
        "mig": 0.5901053331294083,
        "dci": 0.7854948444712502
    },
    "step270000": {
        "factor_vae_metric": 0.9542,
        "modularity_score": 0.9147528883117045,
        "sap_score": 0.12928,
        "mig": 0.5897375920028264,
        "dci": 0.788217560233593
    },
    "step300000": {
        "factor_vae_metric": 0.961,
        "modularity_score": 0.9286655500943614,
        "sap_score": 0.13568,
        "mig": 0.6014449733558818,
        "dci": 0.7985837189710355
    }
}