{
  "discrete_mig": 0.6336892344036328,
  "elapsed_time": 0.5775690078735352,
  "uuid": "15161188-6b78-4fd4-9fba-4eae174f12dc"
}