{
  "discrete_mig": 0.1443043979266044,
  "elapsed_time": 0.5752863883972168,
  "uuid": "72b433c9-e7f8-453d-8918-3988e0c2f47f"
}