{
    "step30000": {
        "factor_vae_metric": 0.5458,
        "modularity_score": 0.8092677846752654,
        "sap_score": 0.020239999999999998,
        "mig": 0.040897332301421424,
        "dci": 0.1306522667101367
    },
    "step60000": {
        "factor_vae_metric": 0.5782,
        "modularity_score": 0.8219296805035305,
        "sap_score": 0.026000000000000013,
        "mig": 0.06680060695373949,
        "dci": 0.14216592231703432
    },
    "step90000": {
        "factor_vae_metric": 0.5108,
        "modularity_score": 0.7994372776080128,
        "sap_score": 0.03300000000000001,
        "mig": 0.09203360070504243,
        "dci": 0.1694854971095544
    }
}