{
    "step30000": {
        "factor_vae_metric": 0.5458,
        "modularity_score": 0.8092677846752654,
        "sap_score": 0.020239999999999998,
        "mig": 0.040897332301421424,
        "dci": 0.1306522667101367
    },
    "step60000": {
        "factor_vae_metric": 0.5782,
        "modularity_score": 0.8219296805035305,
        "sap_score": 0.026000000000000013,
        "mig": 0.06680060695373949,
        "dci": 0.14216592231703432
    },
    "step90000": {
        "factor_vae_metric": 0.5108,
        "modularity_score": 0.7994372776080128,
        "sap_score": 0.03300000000000001,
        "mig": 0.09203360070504243,
        "dci": 0.1694854971095544
    },
    "step120000": {
        "factor_vae_metric": 0.5246,
        "modularity_score": 0.8420369406742738,
        "sap_score": 0.065,
        "mig": 0.15668803977462248,
        "dci": 0.21187530320296546
    },
    "step150000": {
        "factor_vae_metric": 0.5352,
        "modularity_score": 0.8854136836182575,
        "sap_score": 0.0692,
        "mig": 0.18914708834777597,
        "dci": 0.24271791410411192
    },
    "step180000": {
        "factor_vae_metric": 0.533,
        "modularity_score": 0.8720119589422486,
        "sap_score": 0.06179999999999999,
        "mig": 0.19931443889232853,
        "dci": 0.27222184038889435
    },
    "step210000": {
        "factor_vae_metric": 0.5518,
        "modularity_score": 0.9112001293621764,
        "sap_score": 0.07007999999999999,
        "mig": 0.2071919315773459,
        "dci": 0.2723075372465096
    },
    "step240000": {
        "factor_vae_metric": 0.5554,
        "modularity_score": 0.9131473381768178,
        "sap_score": 0.07556,
        "mig": 0.21509954036611895,
        "dci": 0.2741019092287653
    },
    "step270000": {
        "factor_vae_metric": 0.5634,
        "modularity_score": 0.8972907156055877,
        "sap_score": 0.06811999999999999,
        "mig": 0.20955825068802655,
        "dci": 0.2847752066330826
    },
    "step300000": {
        "factor_vae_metric": 0.5434,
        "modularity_score": 0.9199736508514785,
        "sap_score": 0.06000000000000001,
        "mig": 0.22103399065129742,
        "dci": 0.27460621271693175
    }
}