{
  "informativeness_train": 0.74194,
  "informativeness_test": 0.38668,
  "disentanglement": 0.018087784324616978,
  "completeness": 0.013542839117004267,
  "elapsed_time": 438.18063521385193,
  "uuid": "9419a9d3-a950-49af-b5e3-73165da4c194"
}