{
  "informativeness_train": 0.74194,
  "informativeness_test": 0.38668,
  "disentanglement": 0.018087784324616978,
  "completeness": 0.013542839117004267,
  "elapsed_time": 434.4563705921173,
  "uuid": "266cc9d5-2cf3-49b9-86c1-37565fe44aa5"
}