{
  "SAP_score": 0.10216,
  "elapsed_time": 3.4487478733062744,
  "uuid": "378f2fe1-1671-4e6e-9462-734879299412"
}