{
  "discrete_mig": 0.06920473335759708,
  "elapsed_time": 0.5922915935516357,
  "uuid": "7a15f492-f829-4bb7-8879-c8b99b6d69d2"
}