{
    "epoch100": {
        "factor_vae_metric": 0.3718,
        "modularity_score": 0.8406024875175522,
        "sap_score": 0.00692,
        "mig": 0.016200029932263826,
        "dci": 0.032339729412747535
    },
    "epoch200": {
        "factor_vae_metric": 0.3264,
        "modularity_score": 0.834579565061755,
        "sap_score": 0.006239999999999998,
        "mig": 0.016142341424587456,
        "dci": 0.026004783644242097
    },
    "epoch300": {
        "factor_vae_metric": 0.3158,
        "modularity_score": 0.8300948202279586,
        "sap_score": 0.003359999999999997,
        "mig": 0.01213841998476346,
        "dci": 0.021318037800173252
    },
    "epoch400": {
        "factor_vae_metric": 0.318,
        "modularity_score": 0.8298051060474135,
        "sap_score": 0.0026000000000000003,
        "mig": 0.012099537786400624,
        "dci": 0.019972557443917297
    },
    "epoch500": {
        "factor_vae_metric": 0.325,
        "modularity_score": 0.8226311910104863,
        "sap_score": 0.004800000000000008,
        "mig": 0.010585414899466713,
        "dci": 0.01671982750714956
    },
    "epoch600": {
        "factor_vae_metric": 0.3128,
        "modularity_score": 0.824930757977933,
        "sap_score": 0.003719999999999994,
        "mig": 0.010820245279207108,
        "dci": 0.017102683532460933
    },
    "epoch700": {
        "factor_vae_metric": 0.3044,
        "modularity_score": 0.8144300569408573,
        "sap_score": 0.0028000000000000086,
        "mig": 0.01105309023286742,
        "dci": 0.01629704658548182
    },
    "epoch800": {
        "factor_vae_metric": 0.3018,
        "modularity_score": 0.8176703834898605,
        "sap_score": 0.002479999999999997,
        "mig": 0.008884226958465696,
        "dci": 0.014153574504844479
    },
    "epoch900": {
        "factor_vae_metric": 0.2938,
        "modularity_score": 0.8138965497665233,
        "sap_score": 0.0022399999999999976,
        "mig": 0.00924713417692442,
        "dci": 0.013974387311318212
    },
    "epoch1000": {
        "factor_vae_metric": 0.288,
        "modularity_score": 0.8098414093340702,
        "sap_score": 0.0024800000000000056,
        "mig": 0.009753965679387357,
        "dci": 0.013667230471035354
    }
}