{
  "modularity_score": 0.8983256744073428,
  "explicitness_score_train": 0.8576407834656617,
  "explicitness_score_test": 0.8546120550325977,
  "elapsed_time": 12.759432792663574,
  "uuid": "e28a38c4-b126-42e9-9062-d92cf59db57c"
}