{
  "modularity_score": 0.8666200088691642,
  "explicitness_score_train": 0.8503812844154514,
  "explicitness_score_test": 0.8470960317552884,
  "elapsed_time": 12.30404782295227,
  "uuid": "556a68b4-29f3-4f55-84be-30ad52dc36ec"
}