{
  "modularity_score": 0.8609361498390564,
  "explicitness_score_train": 0.8582336797870835,
  "explicitness_score_test": 0.8559271857180983,
  "elapsed_time": 7.778310060501099,
  "uuid": "e23d9b8b-95cc-4a77-bb95-9aa64e1d1838"
}