{
  "modularity_score": 0.877290674776385,
  "explicitness_score_train": 0.8563677082006826,
  "explicitness_score_test": 0.8541211349290926,
  "elapsed_time": 13.048977136611938,
  "uuid": "dcdfdcf0-95cd-44e9-8b09-e73b9e522222"
}