{
  "SAP_score": 0.035440000000000006,
  "elapsed_time": 7.1005494594573975,
  "uuid": "fe575cab-1f4b-435d-a92f-f78664f3a263"
}