{
  "discrete_mig": 0.6014449733558818,
  "elapsed_time": 0.5783579349517822,
  "uuid": "ddd610a1-72c8-4e4d-a853-4f006d067713"
}