{
  "modularity_score": 0.8503438153572151,
  "explicitness_score_train": 0.7882540270660907,
  "explicitness_score_test": 0.7764665022971322,
  "elapsed_time": 8.520221948623657,
  "uuid": "1d7840ae-a494-4c2d-9827-aa44e8a0fe8d"
}