{
  "modularity_score": 0.9396706926062466,
  "explicitness_score_train": 0.8615019359986855,
  "explicitness_score_test": 0.8581901986350171,
  "elapsed_time": 4.546130657196045,
  "uuid": "225b1ea1-0be5-4e82-8fb6-059e48f22747"
}