{
  "modularity_score": 0.8671737083291579,
  "explicitness_score_train": 0.7605905179071628,
  "explicitness_score_test": 0.7504231011185118,
  "elapsed_time": 4.528695344924927,
  "uuid": "26f4ef5b-d703-4386-a845-7df1f25a3a0d"
}