{
  "SAP_score": 0.06000000000000001,
  "elapsed_time": 3.353095769882202,
  "uuid": "7aea83eb-836f-46cf-8e62-235646ad6a27"
}