{
  "SAP_score": 0.03300000000000001,
  "elapsed_time": 3.349541664123535,
  "uuid": "a16ebf97-a2de-4688-a093-7950401bd2ee"
}