{
  "modularity_score": 0.8706963747300789,
  "explicitness_score_train": 0.8320549521460808,
  "explicitness_score_test": 0.8221958871884834,
  "elapsed_time": 5.0944249629974365,
  "uuid": "0e9e057a-4d08-4aef-b776-539b147ddca4"
}