{
  "discrete_mig": 0.6341841583605989,
  "elapsed_time": 0.6279478073120117,
  "uuid": "6ebc3d2e-9f21-45ae-a255-652b14184277"
}