{
  "SAP_score": 0.06976,
  "elapsed_time": 3.6631722450256348,
  "uuid": "d9ffaa23-7a9d-4289-90fe-a72a31508d57"
}