{
  "SAP_score": 0.0018799999999999976,
  "elapsed_time": 7.436283588409424,
  "uuid": "86927881-fc4d-4329-bc49-6404d4fc2237"
}