{
  "SAP_score": 0.00460000000000001,
  "elapsed_time": 6.874232530593872,
  "uuid": "338e5313-1145-4dbe-83a6-fe223299d6eb"
}