{
    "step30000": {
        "factor_vae_metric": 0.8968,
        "modularity_score": 0.7597651028110055,
        "sap_score": 0.06836,
        "mig": 0.3891696811397348,
        "dci": 0.532315335003963
    },
    "step60000": {
        "factor_vae_metric": 0.934,
        "modularity_score": 0.8593767848950167,
        "sap_score": 0.09912,
        "mig": 0.4689557427230679,
        "dci": 0.5945460340886486
    },
    "step90000": {
        "factor_vae_metric": 0.9616,
        "modularity_score": 0.8414334297587327,
        "sap_score": 0.11583999999999998,
        "mig": 0.5562055415571521,
        "dci": 0.697415676409474
    },
    "step120000": {
        "factor_vae_metric": 0.967,
        "modularity_score": 0.8467755622084165,
        "sap_score": 0.13476000000000002,
        "mig": 0.5900309006045601,
        "dci": 0.744403683105211
    },
    "step150000": {
        "factor_vae_metric": 0.9448,
        "modularity_score": 0.8557114297748013,
        "sap_score": 0.13856000000000002,
        "mig": 0.6047742290048939,
        "dci": 0.7687366356655176
    },
    "step180000": {
        "factor_vae_metric": 0.9528,
        "modularity_score": 0.8766556580411846,
        "sap_score": 0.14152,
        "mig": 0.60840595290226,
        "dci": 0.7787548026207598
    },
    "step210000": {
        "factor_vae_metric": 0.9574,
        "modularity_score": 0.8396260534873228,
        "sap_score": 0.14311999999999997,
        "mig": 0.6153802638773127,
        "dci": 0.7942617632434994
    },
    "step240000": {
        "factor_vae_metric": 0.9598,
        "modularity_score": 0.909756269297263,
        "sap_score": 0.14628,
        "mig": 0.6194648180912552,
        "dci": 0.8032695461449738
    },
    "step270000": {
        "factor_vae_metric": 0.962,
        "modularity_score": 0.8959237633596195,
        "sap_score": 0.14488,
        "mig": 0.6299901987914007,
        "dci": 0.8273832127980048
    },
    "step300000": {
        "factor_vae_metric": 0.9458,
        "modularity_score": 0.8633803649932735,
        "sap_score": 0.13356,
        "mig": 0.6341841583605989,
        "dci": 0.8403793776553221
    }
}