{
    "step30000": {
        "factor_vae_metric": 0.6094,
        "modularity_score": 0.86690104649089,
        "sap_score": 0.07076,
        "mig": 0.16406988854935534,
        "dci": 0.21785085502998064
    },
    "step60000": {
        "factor_vae_metric": 0.6192,
        "modularity_score": 0.8768910525986374,
        "sap_score": 0.05600000000000001,
        "mig": 0.19519097224748208,
        "dci": 0.24814201246183948
    },
    "step90000": {
        "factor_vae_metric": 0.6154,
        "modularity_score": 0.9174306310073984,
        "sap_score": 0.0758,
        "mig": 0.22308193259360093,
        "dci": 0.2628406328886446
    },
    "step120000": {
        "factor_vae_metric": 0.6112,
        "modularity_score": 0.8808696738503705,
        "sap_score": 0.056399999999999985,
        "mig": 0.23254437658555274,
        "dci": 0.284182751347771
    },
    "step150000": {
        "factor_vae_metric": 0.603,
        "modularity_score": 0.898113352341474,
        "sap_score": 0.06064000000000001,
        "mig": 0.22709722196357673,
        "dci": 0.2829642175089309
    },
    "step180000": {
        "factor_vae_metric": 0.6048,
        "modularity_score": 0.8693957720900727,
        "sap_score": 0.054400000000000004,
        "mig": 0.2267697374356127,
        "dci": 0.28312346331113025
    },
    "step210000": {
        "factor_vae_metric": 0.6034,
        "modularity_score": 0.9150961569829983,
        "sap_score": 0.053600000000000016,
        "mig": 0.22376605988961096,
        "dci": 0.28088354431313484
    },
    "step240000": {
        "factor_vae_metric": 0.6036,
        "modularity_score": 0.9152459215193736,
        "sap_score": 0.06827999999999998,
        "mig": 0.22468928197722474,
        "dci": 0.27693507658980726
    },
    "step270000": {
        "factor_vae_metric": 0.6142,
        "modularity_score": 0.9012428047993014,
        "sap_score": 0.06488000000000001,
        "mig": 0.2300383476021804,
        "dci": 0.27628911382536625
    },
    "step300000": {
        "factor_vae_metric": 0.621,
        "modularity_score": 0.8770762527744298,
        "sap_score": 0.06928,
        "mig": 0.2233930503953318,
        "dci": 0.27307639811616496
    }
}