{
  "discrete_mig": 0.1288954173373866,
  "elapsed_time": 0.5943827629089355,
  "uuid": "c43456a7-a758-4562-b6f8-65ba1d93fd83"
}