{
  "discrete_mig": 0.007494248902527205,
  "elapsed_time": 0.8575468063354492,
  "uuid": "22257f06-a9ed-4341-b759-e8472ce0bab9"
}