{
  "discrete_mig": 0.09203360070504243,
  "elapsed_time": 0.6179482936859131,
  "uuid": "8ea98d42-3c2f-490c-ba23-d6cf158c5285"
}