{
  "discrete_mig": 0.22103399065129742,
  "elapsed_time": 0.6219894886016846,
  "uuid": "d62c6719-1d26-4b2b-960c-5f1ae9d57e18"
}