{
  "modularity_score": 0.9007696270337633,
  "explicitness_score_train": 0.7963191269220863,
  "explicitness_score_test": 0.783178408217743,
  "elapsed_time": 6.232610464096069,
  "uuid": "8aeeec0f-e4e6-40bd-aa13-78ac884c0116"
}