{
  "modularity_score": 0.769637684125427,
  "explicitness_score_train": 0.819395000626488,
  "explicitness_score_test": 0.8136823495538508,
  "elapsed_time": 4.292141675949097,
  "uuid": "340bd48e-f941-4075-b436-42abb61ad6bd"
}