{
  "modularity_score": 0.9365393044194874,
  "explicitness_score_train": 0.7936596404574783,
  "explicitness_score_test": 0.7876541176219364,
  "elapsed_time": 3.8632659912109375,
  "uuid": "94aec27d-225d-4e2a-be18-afe27022e422"
}