{
  "modularity_score": 0.8595393851899367,
  "explicitness_score_train": 0.8584784599761065,
  "explicitness_score_test": 0.8553119489071396,
  "elapsed_time": 4.897306680679321,
  "uuid": "bff8a76a-ee72-4422-b191-4e23c81af338"
}