{
  "SAP_score": 0.002759999999999993,
  "elapsed_time": 7.609695911407471,
  "uuid": "5ecceda1-f383-44a5-a6f7-fca30c499c09"
}