{
  "SAP_score": 0.10412000000000002,
  "elapsed_time": 3.3515913486480713,
  "uuid": "3b6a0305-5545-4609-b073-fb41876e0132"
}