{
  "modularity_score": 0.876823549179894,
  "explicitness_score_train": 0.9313270462165267,
  "explicitness_score_test": 0.9295770694048482,
  "elapsed_time": 5.721252202987671,
  "uuid": "639fc97f-13a1-4fe5-bc40-8102ed5a24c3"
}