{
  "SAP_score": 0.07172,
  "elapsed_time": 3.3486011028289795,
  "uuid": "008cc9e1-6db3-46e2-9658-82b972e4b1c7"
}