{
  "modularity_score": 0.8633803649932735,
  "explicitness_score_train": 0.9329706316198566,
  "explicitness_score_test": 0.9295917543690365,
  "elapsed_time": 5.757900953292847,
  "uuid": "6a741e72-9eed-4494-a020-4a5133e2fdfd"
}