{
    "epoch100": {
        "factor_vae_metric": 0.3694,
        "modularity_score": 0.7797403267392662,
        "sap_score": 0.003960000000000003,
        "mig": 0.006725362700094094,
        "dci": 0.025285106241693327
    },
    "epoch200": {
        "factor_vae_metric": 0.355,
        "modularity_score": 0.7763856668182758,
        "sap_score": 0.0032799999999999947,
        "mig": 0.006057424328150975,
        "dci": 0.019751783569583615
    },
    "epoch300": {
        "factor_vae_metric": 0.3516,
        "modularity_score": 0.7562909743106662,
        "sap_score": 0.0027599999999999973,
        "mig": 0.006949657704368719,
        "dci": 0.019259523606670582
    },
    "epoch400": {
        "factor_vae_metric": 0.3542,
        "modularity_score": 0.7524780800813269,
        "sap_score": 0.002559999999999995,
        "mig": 0.008297379711852456,
        "dci": 0.020380420531314024
    },
    "epoch500": {
        "factor_vae_metric": 0.3472,
        "modularity_score": 0.74432840152433,
        "sap_score": 0.001719999999999998,
        "mig": 0.007118629663765831,
        "dci": 0.020294897999597786
    },
    "epoch600": {
        "factor_vae_metric": 0.3422,
        "modularity_score": 0.7472043343420808,
        "sap_score": 0.0019200000000000022,
        "mig": 0.007849771397716625,
        "dci": 0.01931289355215349
    },
    "epoch700": {
        "factor_vae_metric": 0.348,
        "modularity_score": 0.7465428192222843,
        "sap_score": 0.001240000000000009,
        "mig": 0.007888999861372006,
        "dci": 0.01834745668449103
    },
    "epoch800": {
        "factor_vae_metric": 0.3522,
        "modularity_score": 0.7440454795699878,
        "sap_score": 0.0017599999999999936,
        "mig": 0.00825430540918593,
        "dci": 0.018295914397218414
    },
    "epoch900": {
        "factor_vae_metric": 0.3486,
        "modularity_score": 0.7404986211766343,
        "sap_score": 0.001079999999999999,
        "mig": 0.007875012995664047,
        "dci": 0.018408126180318295
    },
    "epoch1000": {
        "factor_vae_metric": 0.3428,
        "modularity_score": 0.7506666345298945,
        "sap_score": 0.0018799999999999976,
        "mig": 0.008486759397055784,
        "dci": 0.019411851929099166
    }
}