{
  "modularity_score": 0.9235657126494612,
  "explicitness_score_train": 0.8187225818883352,
  "explicitness_score_test": 0.8096689183260454,
  "elapsed_time": 4.41243314743042,
  "uuid": "2bf540ae-20bf-49de-b816-9650acbc9982"
}