{
    "epoch100": {
        "factor_vae_metric": 0.4354,
        "modularity_score": 0.8285713208454719,
        "sap_score": 0.003280000000000004,
        "mig": 0.0066108938131041505,
        "dci": 0.051219055786368047
    },
    "epoch200": {
        "factor_vae_metric": 0.4146,
        "modularity_score": 0.8234316566737409,
        "sap_score": 0.004920000000000002,
        "mig": 0.009556381343790204,
        "dci": 0.04727803551371926
    },
    "epoch300": {
        "factor_vae_metric": 0.4196,
        "modularity_score": 0.8149681258160545,
        "sap_score": 0.007400000000000001,
        "mig": 0.013906889644719589,
        "dci": 0.04141447495888578
    },
    "epoch400": {
        "factor_vae_metric": 0.4078,
        "modularity_score": 0.8154772893157844,
        "sap_score": 0.007879999999999996,
        "mig": 0.01428300196884003,
        "dci": 0.04030452085626169
    },
    "epoch500": {
        "factor_vae_metric": 0.4142,
        "modularity_score": 0.8052121916802808,
        "sap_score": 0.004680000000000009,
        "mig": 0.013085517017564413,
        "dci": 0.03860350067124138
    },
    "epoch600": {
        "factor_vae_metric": 0.4126,
        "modularity_score": 0.8136512706886088,
        "sap_score": 0.008320000000000011,
        "mig": 0.014983201152428738,
        "dci": 0.04095650143676174
    },
    "epoch700": {
        "factor_vae_metric": 0.4136,
        "modularity_score": 0.8006899178890133,
        "sap_score": 0.008159999999999997,
        "mig": 0.015160337401952684,
        "dci": 0.039838318084573034
    },
    "epoch800": {
        "factor_vae_metric": 0.4214,
        "modularity_score": 0.8124901281631951,
        "sap_score": 0.009399999999999995,
        "mig": 0.0170989886293041,
        "dci": 0.04167191730760447
    },
    "epoch900": {
        "factor_vae_metric": 0.4226,
        "modularity_score": 0.8199797897297175,
        "sap_score": 0.009399999999999995,
        "mig": 0.017781043774905407,
        "dci": 0.04057241113627818
    },
    "epoch1000": {
        "factor_vae_metric": 0.4212,
        "modularity_score": 0.8126477083173734,
        "sap_score": 0.00860000000000001,
        "mig": 0.01742251378163302,
        "dci": 0.03951470554962274
    }
}