{
  "modularity_score": 0.8057731700335278,
  "explicitness_score_train": 0.787097474310307,
  "explicitness_score_test": 0.7753994353666188,
  "elapsed_time": 10.716983795166016,
  "uuid": "514b737c-4067-42a6-a90c-dbdb7f44a45b"
}