{
  "discrete_mig": 0.6162387285547399,
  "elapsed_time": 0.5751001834869385,
  "uuid": "d6a17171-2e78-44d2-b91f-98c83a4ac48d"
}