{
  "discrete_mig": 0.6209710975506726,
  "elapsed_time": 0.5778834819793701,
  "uuid": "2f675bb3-e18a-495b-a103-af1ad12a6c6d"
}