{
  "SAP_score": 0.14343999999999998,
  "elapsed_time": 3.3640401363372803,
  "uuid": "21393bb0-566d-4cfc-9b95-f278af4ec56b"
}