{
  "modularity_score": 0.8657824066967137,
  "explicitness_score_train": 0.8528337106652686,
  "explicitness_score_test": 0.8491568548204906,
  "elapsed_time": 4.661274671554565,
  "uuid": "0bad7ede-564b-4da8-a358-bc0159d5fe6c"
}