{
  "SAP_score": 0.06536000000000003,
  "elapsed_time": 3.4468390941619873,
  "uuid": "1d44abe5-cd48-463f-9739-087e964951e7"
}