{
  "discrete_mig": 0.5343806900344473,
  "elapsed_time": 0.5801327228546143,
  "uuid": "9141f2dd-65c8-43af-998f-1c0adad3e577"
}