{
  "SAP_score": 0.02432,
  "elapsed_time": 3.534817934036255,
  "uuid": "e7bb33fd-be5b-4a06-b184-3e7a313e5514"
}