{
  "SAP_score": 0.01212,
  "elapsed_time": 3.6997554302215576,
  "uuid": "a43a1b2f-8429-4aed-a17e-2e5910d9b19c"
}