{
  "modularity_score": 0.8681719023978305,
  "explicitness_score_train": 0.9244099741569706,
  "explicitness_score_test": 0.9212744630915293,
  "elapsed_time": 6.0501868724823,
  "uuid": "a3835384-4954-4804-90da-be94d3bba485"
}