{
  "discrete_mig": 0.5950561762903971,
  "elapsed_time": 0.5786278247833252,
  "uuid": "9023bff4-53bb-4882-8ff9-e79dee8eb9ef"
}