{
    "epoch100": {
        "factor_vae_metric": 0.3274,
        "modularity_score": 0.8375962905530644,
        "sap_score": 0.0030399999999999954,
        "mig": 0.005185475202373312,
        "dci": 0.02548944029758399
    },
    "epoch200": {
        "factor_vae_metric": 0.3482,
        "modularity_score": 0.8422511397513419,
        "sap_score": 0.0027600000000000007,
        "mig": 0.006981383586985815,
        "dci": 0.023685006912001542
    },
    "epoch300": {
        "factor_vae_metric": 0.37,
        "modularity_score": 0.83116871123399,
        "sap_score": 0.004399999999999999,
        "mig": 0.009956925838239955,
        "dci": 0.023453023852252737
    },
    "epoch400": {
        "factor_vae_metric": 0.3732,
        "modularity_score": 0.8239153713567446,
        "sap_score": 0.0037199999999999985,
        "mig": 0.008831208644234107,
        "dci": 0.024692466067770577
    },
    "epoch500": {
        "factor_vae_metric": 0.3782,
        "modularity_score": 0.8192520506139382,
        "sap_score": 0.0015200000000000053,
        "mig": 0.009060141728150181,
        "dci": 0.027274304880867715
    },
    "epoch600": {
        "factor_vae_metric": 0.3978,
        "modularity_score": 0.8286326881673676,
        "sap_score": 0.0015200000000000068,
        "mig": 0.009610867008231926,
        "dci": 0.028975890660126444
    },
    "epoch700": {
        "factor_vae_metric": 0.397,
        "modularity_score": 0.821921627060308,
        "sap_score": 0.001960000000000002,
        "mig": 0.011211611652887154,
        "dci": 0.03136039361224946
    },
    "epoch800": {
        "factor_vae_metric": 0.3784,
        "modularity_score": 0.8234352131536238,
        "sap_score": 0.0021200000000000073,
        "mig": 0.01134879281026724,
        "dci": 0.0301515151170425
    },
    "epoch900": {
        "factor_vae_metric": 0.3806,
        "modularity_score": 0.807328700392892,
        "sap_score": 0.002079999999999993,
        "mig": 0.010302176883411108,
        "dci": 0.031824709523055474
    },
    "epoch1000": {
        "factor_vae_metric": 0.3814,
        "modularity_score": 0.8143055761299747,
        "sap_score": 0.0021199999999999947,
        "mig": 0.011438852372954866,
        "dci": 0.03326844224707913
    }
}