{
    "step30000": {
        "factor_vae_metric": 0.611,
        "modularity_score": 0.858554155982242,
        "sap_score": 0.05963999999999999,
        "mig": 0.09395284293273955,
        "dci": 0.18136948740572376
    },
    "step60000": {
        "factor_vae_metric": 0.5836,
        "modularity_score": 0.8772554851561036,
        "sap_score": 0.05504,
        "mig": 0.09569705905043664,
        "dci": 0.18571783565953026
    },
    "step90000": {
        "factor_vae_metric": 0.5852,
        "modularity_score": 0.9066825699118091,
        "sap_score": 0.06788,
        "mig": 0.10103748892563098,
        "dci": 0.16984198448719257
    },
    "step120000": {
        "factor_vae_metric": 0.5898,
        "modularity_score": 0.8913913388826329,
        "sap_score": 0.06108000000000001,
        "mig": 0.09597431158941887,
        "dci": 0.16492019001184954
    },
    "step150000": {
        "factor_vae_metric": 0.581,
        "modularity_score": 0.8906659268788426,
        "sap_score": 0.03696000000000001,
        "mig": 0.08271529138700891,
        "dci": 0.15721647924210452
    },
    "step180000": {
        "factor_vae_metric": 0.5796,
        "modularity_score": 0.9093405732815306,
        "sap_score": 0.04063999999999999,
        "mig": 0.08700300900876919,
        "dci": 0.14905960261986032
    },
    "step210000": {
        "factor_vae_metric": 0.5808,
        "modularity_score": 0.9192290964426382,
        "sap_score": 0.04444,
        "mig": 0.08112977677674607,
        "dci": 0.1378099793424915
    },
    "step240000": {
        "factor_vae_metric": 0.569,
        "modularity_score": 0.901996854652156,
        "sap_score": 0.032200000000000006,
        "mig": 0.07504901647891085,
        "dci": 0.12847109839735604
    },
    "step270000": {
        "factor_vae_metric": 0.5578,
        "modularity_score": 0.91589975960324,
        "sap_score": 0.015439999999999995,
        "mig": 0.05710171853918071,
        "dci": 0.13230373510042542
    },
    "step300000": {
        "factor_vae_metric": 0.5718,
        "modularity_score": 0.9007696270337633,
        "sap_score": 0.01104000000000001,
        "mig": 0.044402891979583484,
        "dci": 0.11466781551267258
    }
}