{
  "discrete_mig": 0.008486759397055784,
  "elapsed_time": 0.8655266761779785,
  "uuid": "2c307dda-b392-464f-ab2d-5d9333d620bd"
}