{
    "step30000": {
        "factor_vae_metric": 0.4926,
        "modularity_score": 0.7579566039307298,
        "sap_score": 0.019079999999999996,
        "mig": 0.023435594766010703,
        "dci": 0.11291025478677391
    },
    "step60000": {
        "factor_vae_metric": 0.4942,
        "modularity_score": 0.7804819014287713,
        "sap_score": 0.03408,
        "mig": 0.048188616643715175,
        "dci": 0.116238688050088
    },
    "step90000": {
        "factor_vae_metric": 0.48,
        "modularity_score": 0.826322907104759,
        "sap_score": 0.045960000000000015,
        "mig": 0.0701759295678473,
        "dci": 0.1336538878953573
    },
    "step120000": {
        "factor_vae_metric": 0.5304,
        "modularity_score": 0.7965057066802216,
        "sap_score": 0.048119999999999996,
        "mig": 0.08510390102801196,
        "dci": 0.13395343672171972
    },
    "step150000": {
        "factor_vae_metric": 0.5636,
        "modularity_score": 0.8732470139853616,
        "sap_score": 0.05651999999999998,
        "mig": 0.09498504917162723,
        "dci": 0.14507497362679395
    },
    "step180000": {
        "factor_vae_metric": 0.589,
        "modularity_score": 0.8482117718752594,
        "sap_score": 0.056479999999999995,
        "mig": 0.10564634732686233,
        "dci": 0.15988529527620318
    },
    "step210000": {
        "factor_vae_metric": 0.5834,
        "modularity_score": 0.867109774111787,
        "sap_score": 0.056359999999999986,
        "mig": 0.11728767364719628,
        "dci": 0.18015626656718584
    },
    "step240000": {
        "factor_vae_metric": 0.5778,
        "modularity_score": 0.8703793331651077,
        "sap_score": 0.06544,
        "mig": 0.13260382759328215,
        "dci": 0.1975111645894451
    },
    "step270000": {
        "factor_vae_metric": 0.5906,
        "modularity_score": 0.8539567561756678,
        "sap_score": 0.0738,
        "mig": 0.14392485258686247,
        "dci": 0.2158400284940364
    },
    "step300000": {
        "factor_vae_metric": 0.5902,
        "modularity_score": 0.8301294275589715,
        "sap_score": 0.06316000000000001,
        "mig": 0.1443043979266044,
        "dci": 0.21874555589529307
    }
}