{
  "discrete_mig": 0.10215795719347767,
  "elapsed_time": 0.5937201976776123,
  "uuid": "2e913a88-1e42-481a-acda-a59fc01f8490"
}