{
    "step30000": {
        "factor_vae_metric": 0.6062,
        "modularity_score": 0.856975662832349,
        "sap_score": 0.030440000000000002,
        "mig": 0.03226054352973663,
        "dci": 0.12327734830180816
    },
    "step60000": {
        "factor_vae_metric": 0.495,
        "modularity_score": 0.831866757498843,
        "sap_score": 0.026599999999999995,
        "mig": 0.026568799384825946,
        "dci": 0.10969759074698109
    },
    "step90000": {
        "factor_vae_metric": 0.4526,
        "modularity_score": 0.8489532023154253,
        "sap_score": 0.018719999999999997,
        "mig": 0.04796171384569767,
        "dci": 0.101579715009258
    },
    "step120000": {
        "factor_vae_metric": 0.422,
        "modularity_score": 0.8613441247134184,
        "sap_score": 0.02008,
        "mig": 0.06064066087361135,
        "dci": 0.0838190440365633
    },
    "step150000": {
        "factor_vae_metric": 0.3636,
        "modularity_score": 0.8428878742915582,
        "sap_score": 0.02527999999999999,
        "mig": 0.05922388636851077,
        "dci": 0.09143395004233579
    },
    "step180000": {
        "factor_vae_metric": 0.3468,
        "modularity_score": 0.8477829850113758,
        "sap_score": 0.025600000000000005,
        "mig": 0.07150489829793698,
        "dci": 0.07817137485693129
    },
    "step210000": {
        "factor_vae_metric": 0.3402,
        "modularity_score": 0.8387597989340942,
        "sap_score": 0.037520000000000005,
        "mig": 0.06613714693042089,
        "dci": 0.07493250044653049
    },
    "step240000": {
        "factor_vae_metric": 0.4212,
        "modularity_score": 0.8436769767778408,
        "sap_score": 0.027600000000000003,
        "mig": 0.0701324664074715,
        "dci": 0.08949098136469147
    },
    "step270000": {
        "factor_vae_metric": 0.4158,
        "modularity_score": 0.875940353418715,
        "sap_score": 0.02916,
        "mig": 0.07540481164263986,
        "dci": 0.09474130276940929
    },
    "step300000": {
        "factor_vae_metric": 0.404,
        "modularity_score": 0.863040207952784,
        "sap_score": 0.024239999999999984,
        "mig": 0.07091797764395122,
        "dci": 0.09079892804199119
    }
}