{
  "modularity_score": 0.8134447064476253,
  "explicitness_score_train": 0.7839153228841043,
  "explicitness_score_test": 0.7723562227140863,
  "elapsed_time": 8.099145650863647,
  "uuid": "503460f2-3775-4994-8f85-f7bfa3d7b651"
}