{
    "step30000": {
        "factor_vae_metric": 0.8956,
        "modularity_score": 0.8004125561638219,
        "sap_score": 0.07671999999999998,
        "mig": 0.38210386738082874,
        "dci": 0.5354521950250433
    },
    "step60000": {
        "factor_vae_metric": 0.8786,
        "modularity_score": 0.8432228497861456,
        "sap_score": 0.08312,
        "mig": 0.4010525090665184,
        "dci": 0.5553893044114449
    },
    "step90000": {
        "factor_vae_metric": 0.8624,
        "modularity_score": 0.857977245508763,
        "sap_score": 0.08324,
        "mig": 0.4137534502956308,
        "dci": 0.6074626389935355
    },
    "step120000": {
        "factor_vae_metric": 0.8552,
        "modularity_score": 0.8401657662205908,
        "sap_score": 0.08191999999999999,
        "mig": 0.43138459348197644,
        "dci": 0.6459806574966024
    },
    "step150000": {
        "factor_vae_metric": 0.8864,
        "modularity_score": 0.8438958340747533,
        "sap_score": 0.09040000000000001,
        "mig": 0.46563027574190413,
        "dci": 0.6723224669627044
    },
    "step180000": {
        "factor_vae_metric": 0.9106,
        "modularity_score": 0.8577690862655845,
        "sap_score": 0.08943999999999999,
        "mig": 0.49770091649296344,
        "dci": 0.7056357584770733
    },
    "step210000": {
        "factor_vae_metric": 0.9222,
        "modularity_score": 0.8621931454463088,
        "sap_score": 0.09248,
        "mig": 0.5340690460581394,
        "dci": 0.7348140188326855
    },
    "step240000": {
        "factor_vae_metric": 0.9282,
        "modularity_score": 0.8667074366851377,
        "sap_score": 0.09708,
        "mig": 0.5523118601709773,
        "dci": 0.7469185280319706
    },
    "step270000": {
        "factor_vae_metric": 0.9318,
        "modularity_score": 0.8701030996582848,
        "sap_score": 0.09800000000000002,
        "mig": 0.5696755782390092,
        "dci": 0.7594916465332417
    },
    "step300000": {
        "factor_vae_metric": 0.9312,
        "modularity_score": 0.845829486328775,
        "sap_score": 0.10412000000000002,
        "mig": 0.5759503538694444,
        "dci": 0.7709334775684977
    }
}