{
  "discrete_mig": 0.1296474468237807,
  "elapsed_time": 0.5789222717285156,
  "uuid": "3d9fa845-18ec-48c8-9e07-31c5e8e7dd05"
}