{
  "discrete_mig": 0.02700258581799549,
  "elapsed_time": 0.5939507484436035,
  "uuid": "8dfd6618-8a26-48ae-9da5-63b7cea8a05e"
}