{
  "discrete_mig": 0.10375857451520169,
  "elapsed_time": 0.5756137371063232,
  "uuid": "ff43b3d8-bf3a-4a07-91a0-629c14d5ff2f"
}