{
  "discrete_mig": 0.03477797819046963,
  "elapsed_time": 0.5751521587371826,
  "uuid": "4495de29-dbcc-498c-8f19-7be408967fc6"
}