{
  "informativeness_train": 0.7679,
  "informativeness_test": 0.50024,
  "disentanglement": 0.26361443373041565,
  "completeness": 0.2862986192339332,
  "elapsed_time": 349.5256230831146,
  "uuid": "7d9263a0-d485-43e7-9ea5-d67752ab269f"
}