{
  "modularity_score": 0.8098414093340702,
  "explicitness_score_train": 0.7779524638740306,
  "explicitness_score_test": 0.7653686447423973,
  "elapsed_time": 10.540110111236572,
  "uuid": "21b10409-b15b-4c6c-a76c-83a3ef6b21cd"
}