{
    "step30000": {
        "factor_vae_metric": 0.6946,
        "modularity_score": 0.8960289032793589,
        "sap_score": 0.03476,
        "mig": 0.039567662249004175,
        "dci": 0.12480721627944313
    },
    "step60000": {
        "factor_vae_metric": 0.6498,
        "modularity_score": 0.8734855383585781,
        "sap_score": 0.04403999999999999,
        "mig": 0.060100405336808105,
        "dci": 0.13466884635925985
    },
    "step90000": {
        "factor_vae_metric": 0.6434,
        "modularity_score": 0.864578718486203,
        "sap_score": 0.056799999999999996,
        "mig": 0.08399003107212395,
        "dci": 0.17185238127595454
    },
    "step120000": {
        "factor_vae_metric": 0.659,
        "modularity_score": 0.8610878376142722,
        "sap_score": 0.06624,
        "mig": 0.10559187038848135,
        "dci": 0.21004464527967875
    },
    "step150000": {
        "factor_vae_metric": 0.6738,
        "modularity_score": 0.8518815394696337,
        "sap_score": 0.06888000000000001,
        "mig": 0.11838853706749053,
        "dci": 0.23574175372695835
    },
    "step180000": {
        "factor_vae_metric": 0.6904,
        "modularity_score": 0.8442534664157548,
        "sap_score": 0.07056000000000001,
        "mig": 0.13409692646832927,
        "dci": 0.2609815559969103
    },
    "step210000": {
        "factor_vae_metric": 0.6928,
        "modularity_score": 0.8631609600693568,
        "sap_score": 0.07200000000000001,
        "mig": 0.14107684866658457,
        "dci": 0.2735182733719192
    },
    "step240000": {
        "factor_vae_metric": 0.7028,
        "modularity_score": 0.8862174234579754,
        "sap_score": 0.07092000000000001,
        "mig": 0.14636236414892206,
        "dci": 0.2841776845562398
    },
    "step270000": {
        "factor_vae_metric": 0.7268,
        "modularity_score": 0.8773591827934893,
        "sap_score": 0.06931999999999999,
        "mig": 0.1589034765309677,
        "dci": 0.2914967297860312
    },
    "step300000": {
        "factor_vae_metric": 0.7488,
        "modularity_score": 0.8657824066967137,
        "sap_score": 0.06976,
        "mig": 0.16263119302731888,
        "dci": 0.30278537796510424
    }
}