{
    "step30000": {
        "factor_vae_metric": 0.851,
        "modularity_score": 0.7897802907152802,
        "sap_score": 0.07172,
        "mig": 0.37712992041451165,
        "dci": 0.5164914929377612
    },
    "step60000": {
        "factor_vae_metric": 0.8842,
        "modularity_score": 0.8470642402133098,
        "sap_score": 0.06800000000000002,
        "mig": 0.37849458330387575,
        "dci": 0.5399972598209499
    },
    "step90000": {
        "factor_vae_metric": 0.8658,
        "modularity_score": 0.8238443272405398,
        "sap_score": 0.0732,
        "mig": 0.41810713965263435,
        "dci": 0.5653876782077446
    },
    "step120000": {
        "factor_vae_metric": 0.8522,
        "modularity_score": 0.858888630006098,
        "sap_score": 0.08736000000000001,
        "mig": 0.4624970747708379,
        "dci": 0.6298535800140687
    },
    "step150000": {
        "factor_vae_metric": 0.8654,
        "modularity_score": 0.8786475437109305,
        "sap_score": 0.10668,
        "mig": 0.5181777552550361,
        "dci": 0.6813567546146332
    },
    "step180000": {
        "factor_vae_metric": 0.9088,
        "modularity_score": 0.9037967190583732,
        "sap_score": 0.11044000000000002,
        "mig": 0.5551380613608702,
        "dci": 0.7086044550043956
    },
    "step210000": {
        "factor_vae_metric": 0.932,
        "modularity_score": 0.8495532700890497,
        "sap_score": 0.11936,
        "mig": 0.5845778710772326,
        "dci": 0.74465928764159
    },
    "step240000": {
        "factor_vae_metric": 0.9546,
        "modularity_score": 0.8812446933757894,
        "sap_score": 0.13892,
        "mig": 0.6173917222575473,
        "dci": 0.7828159880679356
    },
    "step270000": {
        "factor_vae_metric": 0.9488,
        "modularity_score": 0.8791583738621517,
        "sap_score": 0.1432,
        "mig": 0.627983425448492,
        "dci": 0.8011976283910577
    },
    "step300000": {
        "factor_vae_metric": 0.9522,
        "modularity_score": 0.8681719023978305,
        "sap_score": 0.14343999999999998,
        "mig": 0.6336892344036328,
        "dci": 0.8092041179716625
    }
}