{
  "discrete_mig": 0.13250420422509307,
  "elapsed_time": 0.579221248626709,
  "uuid": "1700deb1-b879-4032-ac66-31c0774c0980"
}