{
  "discrete_mig": 0.1840092769103547,
  "elapsed_time": 0.618762731552124,
  "uuid": "212df0da-dfbf-42a8-a5ef-5d49a85fc066"
}