{
    "step30000": {
        "factor_vae_metric": 0.6746,
        "modularity_score": 0.8487516604911327,
        "sap_score": 0.049640000000000004,
        "mig": 0.09897515393372813,
        "dci": 0.17526721157707031
    },
    "step60000": {
        "factor_vae_metric": 0.561,
        "modularity_score": 0.8422495752406123,
        "sap_score": 0.05688,
        "mig": 0.12121467548580486,
        "dci": 0.20871578615919817
    },
    "step90000": {
        "factor_vae_metric": 0.5376,
        "modularity_score": 0.8104835824042894,
        "sap_score": 0.06724000000000001,
        "mig": 0.14108127047572389,
        "dci": 0.2086004725048881
    },
    "step120000": {
        "factor_vae_metric": 0.5234,
        "modularity_score": 0.8832507108080263,
        "sap_score": 0.06939999999999999,
        "mig": 0.1514516429454585,
        "dci": 0.21154537522420852
    },
    "step150000": {
        "factor_vae_metric": 0.5316,
        "modularity_score": 0.8862966245977555,
        "sap_score": 0.07172,
        "mig": 0.172102151002682,
        "dci": 0.2340906556532922
    },
    "step180000": {
        "factor_vae_metric": 0.4998,
        "modularity_score": 0.8919971980851094,
        "sap_score": 0.059039999999999995,
        "mig": 0.19523418847424626,
        "dci": 0.2375889328032779
    },
    "step210000": {
        "factor_vae_metric": 0.5032,
        "modularity_score": 0.8842845549379273,
        "sap_score": 0.05752,
        "mig": 0.2094424183623448,
        "dci": 0.2505374563522018
    },
    "step240000": {
        "factor_vae_metric": 0.5018,
        "modularity_score": 0.9128170047719244,
        "sap_score": 0.05136,
        "mig": 0.22049316452130796,
        "dci": 0.25838549300680796
    },
    "step270000": {
        "factor_vae_metric": 0.505,
        "modularity_score": 0.8882962182960735,
        "sap_score": 0.04828,
        "mig": 0.2228762621865578,
        "dci": 0.2678726356005027
    },
    "step300000": {
        "factor_vae_metric": 0.507,
        "modularity_score": 0.9111823772799612,
        "sap_score": 0.05711999999999998,
        "mig": 0.2287969213523402,
        "dci": 0.2553984370061742
    }
}