{
  "discrete_mig": 0.2233930503953318,
  "elapsed_time": 0.5773060321807861,
  "uuid": "ffe79b87-6a24-4859-b04c-57de2c87baab"
}