{
    "step30000": {
        "factor_vae_metric": 0.8396,
        "modularity_score": 0.7819967245397608,
        "sap_score": 0.08643999999999999,
        "mig": 0.39307488780281846,
        "dci": 0.5383958244072206
    },
    "step60000": {
        "factor_vae_metric": 0.8302,
        "modularity_score": 0.8201155108102185,
        "sap_score": 0.08428,
        "mig": 0.38743096621913076,
        "dci": 0.5463998466157363
    },
    "step90000": {
        "factor_vae_metric": 0.8818,
        "modularity_score": 0.84453799384184,
        "sap_score": 0.07984,
        "mig": 0.4242049776847411,
        "dci": 0.5543794839652139
    },
    "step120000": {
        "factor_vae_metric": 0.897,
        "modularity_score": 0.8860789311723707,
        "sap_score": 0.07024,
        "mig": 0.39343891996111,
        "dci": 0.5835494989817586
    },
    "step150000": {
        "factor_vae_metric": 0.8652,
        "modularity_score": 0.8488352179350839,
        "sap_score": 0.07568,
        "mig": 0.4315326219083652,
        "dci": 0.5920434976256733
    },
    "step180000": {
        "factor_vae_metric": 0.854,
        "modularity_score": 0.8752428649797398,
        "sap_score": 0.08692000000000001,
        "mig": 0.44738938575175774,
        "dci": 0.6241585206920367
    },
    "step210000": {
        "factor_vae_metric": 0.8582,
        "modularity_score": 0.8846617355861668,
        "sap_score": 0.09400000000000001,
        "mig": 0.4542687344155555,
        "dci": 0.6379215722895342
    },
    "step240000": {
        "factor_vae_metric": 0.869,
        "modularity_score": 0.8729344931050239,
        "sap_score": 0.09792000000000001,
        "mig": 0.46544207240451146,
        "dci": 0.6582957379768244
    },
    "step270000": {
        "factor_vae_metric": 0.8846,
        "modularity_score": 0.8660250993225673,
        "sap_score": 0.09584000000000001,
        "mig": 0.4745763386875755,
        "dci": 0.6755569730587002
    },
    "step300000": {
        "factor_vae_metric": 0.8946,
        "modularity_score": 0.8963209255444946,
        "sap_score": 0.10048000000000001,
        "mig": 0.48612901810569353,
        "dci": 0.6918854933626727
    }
}