{
  "discrete_mig": 0.14524493382869869,
  "elapsed_time": 0.6328248977661133,
  "uuid": "75456489-a78c-4997-8756-ff9b5992020c"
}