{
  "SAP_score": 0.0054800000000000005,
  "elapsed_time": 3.638850688934326,
  "uuid": "91ca8401-94d7-405b-8a12-2b675734f733"
}