{
  "modularity_score": 0.9198051581215896,
  "explicitness_score_train": 0.7781531905614353,
  "explicitness_score_test": 0.7707102984502663,
  "elapsed_time": 15.071866273880005,
  "uuid": "323050d7-cee2-45cc-b1cf-b736cd174cb9"
}