{
    "step30000": {
        "factor_vae_metric": 0.5902,
        "modularity_score": 0.769637684125427,
        "sap_score": 0.07196,
        "mig": 0.16397739084933835,
        "dci": 0.26361443373041565
    }
}