{
    "step30000": {
        "factor_vae_metric": 0.5902,
        "modularity_score": 0.769637684125427,
        "sap_score": 0.07196,
        "mig": 0.16397739084933835,
        "dci": 0.26361443373041565
    },
    "step60000": {
        "factor_vae_metric": 0.5968,
        "modularity_score": 0.7875212283294244,
        "sap_score": 0.06667999999999999,
        "mig": 0.18915724633382408,
        "dci": 0.28158229818446523
    },
    "step90000": {
        "factor_vae_metric": 0.6022,
        "modularity_score": 0.9286892368790296,
        "sap_score": 0.07032000000000002,
        "mig": 0.21239620855128144,
        "dci": 0.2746960418332461
    },
    "step120000": {
        "factor_vae_metric": 0.589,
        "modularity_score": 0.9251015193367872,
        "sap_score": 0.07008,
        "mig": 0.20855474562503132,
        "dci": 0.2660801631641479
    },
    "step150000": {
        "factor_vae_metric": 0.5138,
        "modularity_score": 0.9392963219545258,
        "sap_score": 0.06936,
        "mig": 0.19963999486153483,
        "dci": 0.25069840951780165
    },
    "step180000": {
        "factor_vae_metric": 0.4838,
        "modularity_score": 0.9161568781665116,
        "sap_score": 0.06083999999999999,
        "mig": 0.2059572433216415,
        "dci": 0.2508782794793028
    },
    "step210000": {
        "factor_vae_metric": 0.5092,
        "modularity_score": 0.8387040611599531,
        "sap_score": 0.05808000000000001,
        "mig": 0.19332101815691566,
        "dci": 0.25715810030576824
    },
    "step240000": {
        "factor_vae_metric": 0.5558,
        "modularity_score": 0.9190766530734209,
        "sap_score": 0.06452,
        "mig": 0.1842420224618156,
        "dci": 0.25546020241606365
    },
    "step270000": {
        "factor_vae_metric": 0.5444,
        "modularity_score": 0.9443249960638992,
        "sap_score": 0.06452,
        "mig": 0.19577114008594693,
        "dci": 0.2593268342796414
    },
    "step300000": {
        "factor_vae_metric": 0.5702,
        "modularity_score": 0.9365393044194874,
        "sap_score": 0.06516000000000001,
        "mig": 0.1721584519832576,
        "dci": 0.24477193293334282
    }
}