{
  "SAP_score": 0.0058800000000000015,
  "elapsed_time": 7.808665990829468,
  "uuid": "96945002-463f-4026-bfe0-1e1526b0d75d"
}