{
  "discrete_mig": 0.0033164554744867783,
  "elapsed_time": 0.8738679885864258,
  "uuid": "19d8b0de-d4af-4ad5-bc43-bab504e66924"
}