{
    "step30000": {
        "factor_vae_metric": 0.7076,
        "modularity_score": 0.8757216125035739,
        "sap_score": 0.019839999999999997,
        "mig": 0.0462416057197506,
        "dci": 0.11443484114351972
    },
    "step60000": {
        "factor_vae_metric": 0.6976,
        "modularity_score": 0.8269261101469418,
        "sap_score": 0.02672000000000001,
        "mig": 0.038580785578898845,
        "dci": 0.1167594832277863
    },
    "step90000": {
        "factor_vae_metric": 0.7168,
        "modularity_score": 0.8733937254848122,
        "sap_score": 0.028799999999999992,
        "mig": 0.04378382833312019,
        "dci": 0.12990833122681533
    },
    "step120000": {
        "factor_vae_metric": 0.7368,
        "modularity_score": 0.9045467477546103,
        "sap_score": 0.03276000000000001,
        "mig": 0.04988369344612825,
        "dci": 0.15074655941460738
    },
    "step150000": {
        "factor_vae_metric": 0.7518,
        "modularity_score": 0.9266617571655024,
        "sap_score": 0.03847999999999999,
        "mig": 0.06108385365977222,
        "dci": 0.17927793952958035
    },
    "step180000": {
        "factor_vae_metric": 0.764,
        "modularity_score": 0.9375843690044977,
        "sap_score": 0.04464,
        "mig": 0.06823934928335988,
        "dci": 0.20475835958578512
    },
    "step210000": {
        "factor_vae_metric": 0.7736,
        "modularity_score": 0.9398748356542109,
        "sap_score": 0.048799999999999996,
        "mig": 0.07661054720531492,
        "dci": 0.22651789934422192
    },
    "step240000": {
        "factor_vae_metric": 0.7792,
        "modularity_score": 0.9406871656098502,
        "sap_score": 0.04972,
        "mig": 0.09009594373863934,
        "dci": 0.2449712484194059
    },
    "step270000": {
        "factor_vae_metric": 0.7806,
        "modularity_score": 0.9414069929162728,
        "sap_score": 0.05352,
        "mig": 0.0993053636651812,
        "dci": 0.2555290981007514
    },
    "step300000": {
        "factor_vae_metric": 0.7802,
        "modularity_score": 0.9396706926062466,
        "sap_score": 0.05676000000000002,
        "mig": 0.1057765808755288,
        "dci": 0.2696234337304131
    }
}