{
  "discrete_mig": 0.0535426928088351,
  "elapsed_time": 0.5964815616607666,
  "uuid": "13fbf44a-aea3-404a-b283-81d0e9a752b1"
}