{
  "discrete_mig": 0.015096113521578075,
  "elapsed_time": 0.6372973918914795,
  "uuid": "79df53de-a6d2-4a6c-af23-7a664cc3dcb8"
}