{
    "step30000": {
        "factor_vae_metric": 0.5094,
        "modularity_score": 0.8016814659890226,
        "sap_score": 0.005359999999999994,
        "mig": 0.010157443755294829,
        "dci": 0.07014190660259217
    },
    "step60000": {
        "factor_vae_metric": 0.5352,
        "modularity_score": 0.8311607288186934,
        "sap_score": 0.009280000000000012,
        "mig": 0.015096113521578075,
        "dci": 0.08662128302095096
    },
    "step90000": {
        "factor_vae_metric": 0.5936,
        "modularity_score": 0.8327602898588158,
        "sap_score": 0.012760000000000002,
        "mig": 0.018976539190323626,
        "dci": 0.10276636949960893
    },
    "step120000": {
        "factor_vae_metric": 0.6406,
        "modularity_score": 0.8474442302110946,
        "sap_score": 0.013519999999999999,
        "mig": 0.030006432702410563,
        "dci": 0.12083933853652694
    },
    "step150000": {
        "factor_vae_metric": 0.6832,
        "modularity_score": 0.8688158070544306,
        "sap_score": 0.01171999999999999,
        "mig": 0.04030167024998984,
        "dci": 0.1371891941136058
    },
    "step180000": {
        "factor_vae_metric": 0.7042,
        "modularity_score": 0.870931738201089,
        "sap_score": 0.013519999999999994,
        "mig": 0.04613504577857028,
        "dci": 0.15498002582540482
    },
    "step210000": {
        "factor_vae_metric": 0.7384,
        "modularity_score": 0.8653118059684634,
        "sap_score": 0.012799999999999995,
        "mig": 0.050359186744467,
        "dci": 0.16702060704121993
    },
    "step240000": {
        "factor_vae_metric": 0.758,
        "modularity_score": 0.8831877468831502,
        "sap_score": 0.012400000000000012,
        "mig": 0.05196777428840873,
        "dci": 0.18290604549289216
    },
    "step270000": {
        "factor_vae_metric": 0.7726,
        "modularity_score": 0.8940121729325279,
        "sap_score": 0.012480000000000002,
        "mig": 0.053936626652485185,
        "dci": 0.19851768945963247
    },
    "step300000": {
        "factor_vae_metric": 0.784,
        "modularity_score": 0.8985478268094276,
        "sap_score": 0.010839999999999992,
        "mig": 0.0535426928088351,
        "dci": 0.21312224751788644
    }
}