{
    "step30000": {
        "factor_vae_metric": 0.5094,
        "modularity_score": 0.8016814659890226,
        "sap_score": 0.005359999999999994,
        "mig": 0.010157443755294829,
        "dci": 0.07014190660259217
    },
    "step60000": {
        "factor_vae_metric": 0.5352,
        "modularity_score": 0.8311607288186934,
        "sap_score": 0.009280000000000012,
        "mig": 0.015096113521578075,
        "dci": 0.08662128302095096
    }
}