{
  "modularity_score": 0.7213233096912341,
  "explicitness_score_train": 0.7837802738854723,
  "explicitness_score_test": 0.7707717278820637,
  "elapsed_time": 12.404809474945068,
  "uuid": "e3029946-011d-4fdf-87e5-2627fe0bafa9"
}