{
  "SAP_score": 0.0021199999999999947,
  "elapsed_time": 6.43610143661499,
  "uuid": "6aa9d96a-4f0b-4a89-8f07-28b56fe0b24f"
}