{
  "modularity_score": 0.8807570789193985,
  "explicitness_score_train": 0.9338578046485331,
  "explicitness_score_test": 0.9299133908437186,
  "elapsed_time": 5.837224960327148,
  "uuid": "f4f4e6aa-5126-4a6d-89e2-fc0a9708b2f3"
}