{
    "step30000": {
        "factor_vae_metric": 0.515,
        "modularity_score": 0.7423276327213753,
        "sap_score": 0.009240000000000002,
        "mig": 0.026098349576103443,
        "dci": 0.12052881009193296
    },
    "step60000": {
        "factor_vae_metric": 0.5096,
        "modularity_score": 0.761960608089469,
        "sap_score": 0.002239999999999992,
        "mig": 0.016846062567782153,
        "dci": 0.12466638099755951
    },
    "step90000": {
        "factor_vae_metric": 0.5454,
        "modularity_score": 0.7846799450231736,
        "sap_score": 0.013319999999999981,
        "mig": 0.035875241825302245,
        "dci": 0.13289819948686155
    },
    "step120000": {
        "factor_vae_metric": 0.5416,
        "modularity_score": 0.8364615270210992,
        "sap_score": 0.03179999999999999,
        "mig": 0.06676584521618494,
        "dci": 0.14388064892878988
    },
    "step150000": {
        "factor_vae_metric": 0.5254,
        "modularity_score": 0.8850242249698773,
        "sap_score": 0.0506,
        "mig": 0.0957082966351507,
        "dci": 0.16229004773219835
    },
    "step180000": {
        "factor_vae_metric": 0.523,
        "modularity_score": 0.8907700138791949,
        "sap_score": 0.06232,
        "mig": 0.11331633761916653,
        "dci": 0.17600062664738603
    },
    "step210000": {
        "factor_vae_metric": 0.531,
        "modularity_score": 0.8527388737664159,
        "sap_score": 0.06260000000000002,
        "mig": 0.11589677724851163,
        "dci": 0.20023752566663636
    },
    "step240000": {
        "factor_vae_metric": 0.5198,
        "modularity_score": 0.8791888681953788,
        "sap_score": 0.06555999999999998,
        "mig": 0.12510017976104226,
        "dci": 0.19510927732236416
    },
    "step270000": {
        "factor_vae_metric": 0.5378,
        "modularity_score": 0.8537761809732975,
        "sap_score": 0.06035999999999999,
        "mig": 0.12505252899227953,
        "dci": 0.2018500700355579
    },
    "step300000": {
        "factor_vae_metric": 0.5016,
        "modularity_score": 0.8706963747300789,
        "sap_score": 0.06536000000000003,
        "mig": 0.1296474468237807,
        "dci": 0.19221434921192543
    }
}