{
  "modularity_score": 0.8770762527744298,
  "explicitness_score_train": 0.8125843318773004,
  "explicitness_score_test": 0.8024588478087947,
  "elapsed_time": 5.061708211898804,
  "uuid": "dc72060a-71ad-439c-8bc8-7952ee912a93"
}