{
  "SAP_score": 0.012039999999999999,
  "elapsed_time": 3.3968706130981445,
  "uuid": "2f01e8f7-b9db-40aa-a560-8078672a9774"
}