{
  "modularity_score": 0.8301294275589715,
  "explicitness_score_train": 0.8260048885761797,
  "explicitness_score_test": 0.8188397670351668,
  "elapsed_time": 5.795433521270752,
  "uuid": "25f100de-9e57-4417-be35-aca843ab124b"
}