{
  "informativeness_train": 0.9968600000000001,
  "informativeness_test": 0.9248800000000001,
  "disentanglement": 0.8403793776553221,
  "completeness": 0.7777847560713661,
  "elapsed_time": 351.3453862667084,
  "uuid": "94a37d05-aa5c-4b66-b51a-c98988efd21d"
}