{
  "SAP_score": 0.007719999999999999,
  "elapsed_time": 7.161667823791504,
  "uuid": "4a94cf8e-7bb2-493a-8712-f9d93fd0dd36"
}