{
  "SAP_score": 0.014280000000000004,
  "elapsed_time": 8.118910551071167,
  "uuid": "3179d442-bf94-4f7c-8563-f426d096fc9f"
}