{
  "SAP_score": 0.009520000000000018,
  "elapsed_time": 8.453128576278687,
  "uuid": "dd9430fd-5a81-45fc-bc84-aedf74f4dba7"
}