{
  "SAP_score": 0.025920000000000006,
  "elapsed_time": 7.919963359832764,
  "uuid": "4fa1f555-cd32-4956-93ac-e9f9b3e2da0c"
}