{
  "SAP_score": 0.05504,
  "elapsed_time": 7.192020654678345,
  "uuid": "550a8bc7-d36e-4e8f-8281-e3df30ed33b7"
}