{
  "modularity_score": 0.863040207952784,
  "explicitness_score_train": 0.7685712949929291,
  "explicitness_score_test": 0.7579387504875503,
  "elapsed_time": 4.659069538116455,
  "uuid": "81f93644-daed-430a-9285-d1519ecc2c3c"
}