{
  "SAP_score": 0.010159999999999992,
  "elapsed_time": 3.449435234069824,
  "uuid": "6d7b3799-2790-4bb6-93c6-428e89cae6af"
}