{
  "modularity_score": 0.8847066955909936,
  "explicitness_score_train": 0.7861202073991629,
  "explicitness_score_test": 0.7756057696781032,
  "elapsed_time": 6.357369899749756,
  "uuid": "650c0ee7-401b-47f3-a319-6d3b9246131b"
}