{
    "epoch100": {
        "factor_vae_metric": 0.4412,
        "modularity_score": 0.8161879641280743,
        "sap_score": 0.004000000000000003,
        "mig": 0.007027573767461867,
        "dci": 0.032488456507547725
    },
    "epoch200": {
        "factor_vae_metric": 0.3644,
        "modularity_score": 0.8168883700553978,
        "sap_score": 0.00608,
        "mig": 0.011862338712850432,
        "dci": 0.024327817508257455
    },
    "epoch300": {
        "factor_vae_metric": 0.3364,
        "modularity_score": 0.8028714321537688,
        "sap_score": 0.004319999999999996,
        "mig": 0.011744121242376485,
        "dci": 0.020909095416969423
    },
    "epoch400": {
        "factor_vae_metric": 0.3396,
        "modularity_score": 0.8154826716728346,
        "sap_score": 0.0036,
        "mig": 0.00845566932910819,
        "dci": 0.018980970114043365
    },
    "epoch500": {
        "factor_vae_metric": 0.3374,
        "modularity_score": 0.8119457807041469,
        "sap_score": 0.005279999999999996,
        "mig": 0.008149631371474874,
        "dci": 0.018536280065595087
    },
    "epoch600": {
        "factor_vae_metric": 0.35,
        "modularity_score": 0.8137895726420536,
        "sap_score": 0.005839999999999989,
        "mig": 0.006823750397231749,
        "dci": 0.01901052657906092
    },
    "epoch700": {
        "factor_vae_metric": 0.3368,
        "modularity_score": 0.8170999144830796,
        "sap_score": 0.003799999999999999,
        "mig": 0.006638249376909376,
        "dci": 0.018281609871896823
    },
    "epoch800": {
        "factor_vae_metric": 0.3382,
        "modularity_score": 0.8151810526563528,
        "sap_score": 0.005120000000000008,
        "mig": 0.006728101434109376,
        "dci": 0.01713403755464058
    },
    "epoch900": {
        "factor_vae_metric": 0.3474,
        "modularity_score": 0.8173548256415248,
        "sap_score": 0.004879999999999992,
        "mig": 0.004496227704499296,
        "dci": 0.01816204560241544
    },
    "epoch1000": {
        "factor_vae_metric": 0.3424,
        "modularity_score": 0.8134447064476253,
        "sap_score": 0.0057199999999999925,
        "mig": 0.004959594857449056,
        "dci": 0.016050739784217522
    }
}