{
  "modularity_score": 0.8726118266965697,
  "explicitness_score_train": 0.7893031259786151,
  "explicitness_score_test": 0.7786596331590298,
  "elapsed_time": 6.666423559188843,
  "uuid": "3ce93525-0263-4b59-ae24-35a0161e314f"
}