{
    "step30000": {
        "factor_vae_metric": 0.84,
        "modularity_score": 0.7825624916138498,
        "sap_score": 0.0794,
        "mig": 0.38119868146384545,
        "dci": 0.5242113812581123
    },
    "step60000": {
        "factor_vae_metric": 0.8854,
        "modularity_score": 0.7979851984283197,
        "sap_score": 0.08028,
        "mig": 0.3785132598470014,
        "dci": 0.5281861289100084
    },
    "step90000": {
        "factor_vae_metric": 0.8656,
        "modularity_score": 0.8062548745243954,
        "sap_score": 0.06936,
        "mig": 0.4068354575499901,
        "dci": 0.5757238021324366
    },
    "step120000": {
        "factor_vae_metric": 0.87,
        "modularity_score": 0.8367210277654807,
        "sap_score": 0.08392000000000001,
        "mig": 0.43150561630758366,
        "dci": 0.5994065432394697
    },
    "step150000": {
        "factor_vae_metric": 0.8676,
        "modularity_score": 0.8581383958959587,
        "sap_score": 0.09272,
        "mig": 0.4676198622956136,
        "dci": 0.6434633089487151
    },
    "step180000": {
        "factor_vae_metric": 0.866,
        "modularity_score": 0.8876873578677129,
        "sap_score": 0.0988,
        "mig": 0.5159587812614692,
        "dci": 0.6864915463356114
    },
    "step210000": {
        "factor_vae_metric": 0.8616,
        "modularity_score": 0.870243965492514,
        "sap_score": 0.10024,
        "mig": 0.548322331401829,
        "dci": 0.7153484138448176
    },
    "step240000": {
        "factor_vae_metric": 0.8574,
        "modularity_score": 0.8774452287536121,
        "sap_score": 0.10640000000000001,
        "mig": 0.5778636939357731,
        "dci": 0.7432596910309025
    },
    "step270000": {
        "factor_vae_metric": 0.8542,
        "modularity_score": 0.8714393140365857,
        "sap_score": 0.1142,
        "mig": 0.5984948519410207,
        "dci": 0.7543006050543806
    },
    "step300000": {
        "factor_vae_metric": 0.8534,
        "modularity_score": 0.877140721830066,
        "sap_score": 0.11276000000000001,
        "mig": 0.6162387285547399,
        "dci": 0.7629928533778629
    }
}