{
  "SAP_score": 0.0057199999999999925,
  "elapsed_time": 6.662698030471802,
  "uuid": "e4dbb6e2-6171-45b6-bd8e-1eba5bfc10a9"
}