{
  "modularity_score": 0.8963209255444946,
  "explicitness_score_train": 0.9239682854458684,
  "explicitness_score_test": 0.9230659585454788,
  "elapsed_time": 5.867041110992432,
  "uuid": "621b2f5c-6db0-4f3f-819b-d6023abd2e43"
}