{
  "discrete_mig": 0.1057765808755288,
  "elapsed_time": 0.6378118991851807,
  "uuid": "5d7278dd-6517-482a-9b9a-a9fbfede72ae"
}