{
  "informativeness_train": 0.99458,
  "informativeness_test": 0.9172800000000001,
  "disentanglement": 0.7135078185926583,
  "completeness": 0.6355033572292271,
  "elapsed_time": 494.0720753669739,
  "uuid": "bb42d0b9-e5dd-4715-a12b-aafcbe9030aa"
}