{
  "discrete_mig": 0.1721584519832576,
  "elapsed_time": 0.5990345478057861,
  "uuid": "bf8a78c0-f6ac-41ec-9402-66a754fdaf17"
}