{
  "SAP_score": 0.06928,
  "elapsed_time": 3.4124441146850586,
  "uuid": "06fdf9eb-00f8-4a82-8e04-7507ecc1af69"
}