{
  "SAP_score": 0.05676000000000002,
  "elapsed_time": 3.7149598598480225,
  "uuid": "38904307-ffdb-450f-a204-b461fdc1d858"
}