{
  "SAP_score": 0.11444000000000001,
  "elapsed_time": 7.749342203140259,
  "uuid": "e7ca2888-097f-4c62-9254-e07837315d2c"
}