{
  "SAP_score": 0.12279999999999998,
  "elapsed_time": 7.6600117683410645,
  "uuid": "86e12456-0230-41fb-b4fb-79ce39ab681c"
}