{
  "discrete_mig": 0.034988639729827874,
  "elapsed_time": 0.5822465419769287,
  "uuid": "2fc82845-2b7c-4ac1-a2fc-8b69de7ad266"
}