{
    "step30000": {
        "factor_vae_metric": 0.557,
        "modularity_score": 0.7849998035841026,
        "sap_score": 0.041359999999999994,
        "mig": 0.05182092545645341,
        "dci": 0.12473467876226013
    },
    "step60000": {
        "factor_vae_metric": 0.5534,
        "modularity_score": 0.7627076815421454,
        "sap_score": 0.05748000000000001,
        "mig": 0.09503608283221536,
        "dci": 0.19578633003760204
    },
    "step90000": {
        "factor_vae_metric": 0.5842,
        "modularity_score": 0.7983572612557303,
        "sap_score": 0.07084000000000001,
        "mig": 0.11772346689615235,
        "dci": 0.22464394783423614
    },
    "step120000": {
        "factor_vae_metric": 0.5636,
        "modularity_score": 0.8207111577938516,
        "sap_score": 0.054679999999999986,
        "mig": 0.12918079882870837,
        "dci": 0.250635484478631
    },
    "step150000": {
        "factor_vae_metric": 0.5436,
        "modularity_score": 0.8405530305754555,
        "sap_score": 0.07668,
        "mig": 0.14245807004309827,
        "dci": 0.23568159214120454
    },
    "step180000": {
        "factor_vae_metric": 0.5104,
        "modularity_score": 0.8078413589867461,
        "sap_score": 0.054959999999999995,
        "mig": 0.13863908199974181,
        "dci": 0.23855723319238803
    },
    "step210000": {
        "factor_vae_metric": 0.4762,
        "modularity_score": 0.8206851782535491,
        "sap_score": 0.06516,
        "mig": 0.13466052364984565,
        "dci": 0.22304990842598538
    },
    "step240000": {
        "factor_vae_metric": 0.4816,
        "modularity_score": 0.839648170092944,
        "sap_score": 0.06860000000000001,
        "mig": 0.14317541977937315,
        "dci": 0.22660000341374897
    },
    "step270000": {
        "factor_vae_metric": 0.4614,
        "modularity_score": 0.8238872340397826,
        "sap_score": 0.07012,
        "mig": 0.13724717103715342,
        "dci": 0.22321961404018556
    },
    "step300000": {
        "factor_vae_metric": 0.4684,
        "modularity_score": 0.8615412781195824,
        "sap_score": 0.05675999999999998,
        "mig": 0.1288954173373866,
        "dci": 0.22357389156041182
    }
}