{
  "modularity_score": 0.853590451505102,
  "explicitness_score_train": 0.7907250699916422,
  "explicitness_score_test": 0.7792270251548479,
  "elapsed_time": 4.437202215194702,
  "uuid": "7fea9d98-9a87-49a0-9cde-6d9cc35d5376"
}