{
  "discrete_mig": 0.08946131017051442,
  "elapsed_time": 0.5999629497528076,
  "uuid": "462daa22-a4bc-4280-9dab-c4ae37d0eceb"
}