{
    "step30000": {
        "factor_vae_metric": 0.8048,
        "modularity_score": 0.7257673660049495,
        "sap_score": 0.07608000000000001,
        "mig": 0.388490280513211,
        "dci": 0.5706249320434374
    },
    "step60000": {
        "factor_vae_metric": 0.8768,
        "modularity_score": 0.7779049880097043,
        "sap_score": 0.08856000000000001,
        "mig": 0.4013505042878195,
        "dci": 0.5728368234782184
    },
    "step90000": {
        "factor_vae_metric": 0.9642,
        "modularity_score": 0.8424387536292761,
        "sap_score": 0.19144,
        "mig": 0.5302477715461278,
        "dci": 0.7155884000906645
    },
    "step120000": {
        "factor_vae_metric": 0.9918,
        "modularity_score": 0.8342773676582267,
        "sap_score": 0.2042,
        "mig": 0.5852799950060692,
        "dci": 0.7825333564077016
    },
    "step150000": {
        "factor_vae_metric": 0.9894,
        "modularity_score": 0.8432841180739772,
        "sap_score": 0.21303999999999998,
        "mig": 0.6139834367439231,
        "dci": 0.8107259612454858
    },
    "step180000": {
        "factor_vae_metric": 0.9892,
        "modularity_score": 0.852021076439377,
        "sap_score": 0.21308000000000002,
        "mig": 0.6203143798792706,
        "dci": 0.8212074161529229
    },
    "step210000": {
        "factor_vae_metric": 0.9916,
        "modularity_score": 0.8813220530178867,
        "sap_score": 0.21408000000000005,
        "mig": 0.6293182199702712,
        "dci": 0.8288781405619089
    },
    "step240000": {
        "factor_vae_metric": 0.9948,
        "modularity_score": 0.8956740208889599,
        "sap_score": 0.21644000000000002,
        "mig": 0.6357154493116034,
        "dci": 0.8319392636178272
    },
    "step270000": {
        "factor_vae_metric": 0.9934,
        "modularity_score": 0.8846124009876947,
        "sap_score": 0.21412000000000003,
        "mig": 0.6418926049540247,
        "dci": 0.8375953123270979
    },
    "step300000": {
        "factor_vae_metric": 0.9964,
        "modularity_score": 0.8747536844791435,
        "sap_score": 0.21528,
        "mig": 0.64438519351836,
        "dci": 0.8445301268381268
    }
}