{
  "modularity_score": 0.8221396286753195,
  "explicitness_score_train": 0.7820748845920262,
  "explicitness_score_test": 0.7673428261183369,
  "elapsed_time": 8.245868444442749,
  "uuid": "f8bcca37-d2a0-42f6-9420-d0907c93f067"
}