{
  "discrete_mig": 0.2287969213523402,
  "elapsed_time": 0.6204180717468262,
  "uuid": "5203dc7d-46aa-4e8c-ac3b-19bcef3dfd74"
}