{
  "SAP_score": 0.06316000000000001,
  "elapsed_time": 3.4548420906066895,
  "uuid": "37ed6f73-6311-4d55-b643-34a7c48cc7b1"
}