{
  "SAP_score": 0.10048000000000001,
  "elapsed_time": 3.447674512863159,
  "uuid": "b5956cd4-cff2-4417-9ff8-2860a70886a4"
}