{
  "SAP_score": 0.13788,
  "elapsed_time": 3.431414842605591,
  "uuid": "e93d2e6c-8c0f-4651-bce7-fbc488c1d198"
}