{
    "step30000": {
        "factor_vae_metric": 0.716,
        "modularity_score": 0.8547193983313474,
        "sap_score": 0.07492,
        "mig": 0.14797670856665118,
        "dci": 0.24395276161631968
    },
    "step60000": {
        "factor_vae_metric": 0.639,
        "modularity_score": 0.8264823242264766,
        "sap_score": 0.07116000000000003,
        "mig": 0.17923757717873565,
        "dci": 0.2812411586977681
    },
    "step90000": {
        "factor_vae_metric": 0.6146,
        "modularity_score": 0.8281477232517507,
        "sap_score": 0.06516000000000001,
        "mig": 0.18274768925729035,
        "dci": 0.2684526814319405
    },
    "step120000": {
        "factor_vae_metric": 0.597,
        "modularity_score": 0.9347396358854745,
        "sap_score": 0.06087999999999999,
        "mig": 0.18419861005166754,
        "dci": 0.2582989286479896
    },
    "step150000": {
        "factor_vae_metric": 0.6096,
        "modularity_score": 0.8768985818202093,
        "sap_score": 0.06272,
        "mig": 0.19237564290169826,
        "dci": 0.25639876494474356
    },
    "step180000": {
        "factor_vae_metric": 0.6114,
        "modularity_score": 0.9182425589926936,
        "sap_score": 0.06588000000000001,
        "mig": 0.20861594602266723,
        "dci": 0.2595465027036545
    },
    "step210000": {
        "factor_vae_metric": 0.6346,
        "modularity_score": 0.9180292896375588,
        "sap_score": 0.05688,
        "mig": 0.2069027283660851,
        "dci": 0.27370208410626873
    },
    "step240000": {
        "factor_vae_metric": 0.6722,
        "modularity_score": 0.9515329064666563,
        "sap_score": 0.05708000000000002,
        "mig": 0.20785451169486785,
        "dci": 0.28105507058848267
    },
    "step270000": {
        "factor_vae_metric": 0.7046,
        "modularity_score": 0.9039842398047584,
        "sap_score": 0.06467999999999999,
        "mig": 0.1983238614869665,
        "dci": 0.296071418225016
    },
    "step300000": {
        "factor_vae_metric": 0.7092,
        "modularity_score": 0.8741611271910754,
        "sap_score": 0.07172,
        "mig": 0.1840092769103547,
        "dci": 0.3189766325608366
    }
}