{
  "SAP_score": 0.007599999999999993,
  "elapsed_time": 6.831649541854858,
  "uuid": "3fe989a9-d6b3-4fa5-92ef-8f484ebfbba8"
}