{
  "SAP_score": 0.07116,
  "elapsed_time": 3.6632626056671143,
  "uuid": "d202daec-23da-4781-8391-3d005fb6cf9b"
}