{
  "discrete_mig": 0.1300406386764643,
  "elapsed_time": 0.5942103862762451,
  "uuid": "8c71aea0-b226-4f7a-bf8d-9c044adb8858"
}