{
    "step30000": {
        "factor_vae_metric": 0.3516,
        "modularity_score": 0.8497509938540532,
        "sap_score": 0.010360000000000012,
        "mig": 0.029886399549312482,
        "dci": 0.05398663985484539
    },
    "step60000": {
        "factor_vae_metric": 0.402,
        "modularity_score": 0.8521301979695048,
        "sap_score": 0.008400000000000005,
        "mig": 0.04016180579499665,
        "dci": 0.05743329419129389
    },
    "step90000": {
        "factor_vae_metric": 0.4204,
        "modularity_score": 0.8505323695515987,
        "sap_score": 0.013079999999999998,
        "mig": 0.0485245266787256,
        "dci": 0.05578145214933912
    },
    "step120000": {
        "factor_vae_metric": 0.443,
        "modularity_score": 0.8717400276064889,
        "sap_score": 0.009760000000000001,
        "mig": 0.05770696819208674,
        "dci": 0.0602028100571269
    },
    "step150000": {
        "factor_vae_metric": 0.4888,
        "modularity_score": 0.8810983275820053,
        "sap_score": 0.019159999999999996,
        "mig": 0.071361897861177,
        "dci": 0.0708029417929188
    },
    "step180000": {
        "factor_vae_metric": 0.5322,
        "modularity_score": 0.8890013349231051,
        "sap_score": 0.011880000000000003,
        "mig": 0.06881067371657928,
        "dci": 0.06025123795193915
    },
    "step210000": {
        "factor_vae_metric": 0.5534,
        "modularity_score": 0.8601407995808674,
        "sap_score": 0.013839999999999995,
        "mig": 0.07027457769142954,
        "dci": 0.07680440880303453
    },
    "step240000": {
        "factor_vae_metric": 0.5686,
        "modularity_score": 0.8701254851701485,
        "sap_score": 0.01100000000000001,
        "mig": 0.08003946340432774,
        "dci": 0.07715515990151128
    },
    "step270000": {
        "factor_vae_metric": 0.569,
        "modularity_score": 0.8885591355196952,
        "sap_score": 0.008720000000000002,
        "mig": 0.07920111841695796,
        "dci": 0.10984486729857827
    },
    "step300000": {
        "factor_vae_metric": 0.5778,
        "modularity_score": 0.8726118266965697,
        "sap_score": 0.02432,
        "mig": 0.08946131017051442,
        "dci": 0.10237776479012352
    }
}