{
  "discrete_mig": 0.10835810372591168,
  "elapsed_time": 0.9167065620422363,
  "uuid": "6dd3ad14-bc4c-403e-bca3-a5806f2647d9"
}