{
  "discrete_mig": 0.5759503538694444,
  "elapsed_time": 0.5764191150665283,
  "uuid": "c4d282d7-2ad4-435d-85b0-ad3d8260e487"
}