{
  "SAP_score": 0.024239999999999984,
  "elapsed_time": 3.6050360202789307,
  "uuid": "b2d27cfa-b1f0-4403-bcbb-3c9a0cf6b619"
}