{
  "discrete_mig": 0.044402891979583484,
  "elapsed_time": 0.599877119064331,
  "uuid": "d7b66b6c-b577-4c64-9f05-549c39aafaa6"
}