{
    "step30000": {
        "factor_vae_metric": 0.5256,
        "modularity_score": 0.8646453372507601,
        "sap_score": 0.045600000000000016,
        "mig": 0.1025595622616309,
        "dci": 0.16355831001765872
    },
    "step60000": {
        "factor_vae_metric": 0.5194,
        "modularity_score": 0.8681189079973388,
        "sap_score": 0.05835999999999999,
        "mig": 0.11935318327887408,
        "dci": 0.16273636171473246
    },
    "step90000": {
        "factor_vae_metric": 0.5132,
        "modularity_score": 0.8750726395011877,
        "sap_score": 0.058600000000000006,
        "mig": 0.12808335011210853,
        "dci": 0.16819833990353564
    },
    "step120000": {
        "factor_vae_metric": 0.5028,
        "modularity_score": 0.8842823028236019,
        "sap_score": 0.059840000000000004,
        "mig": 0.134430999346214,
        "dci": 0.17004382456900857
    },
    "step150000": {
        "factor_vae_metric": 0.5252,
        "modularity_score": 0.8703035937147101,
        "sap_score": 0.06235999999999999,
        "mig": 0.14190829087630213,
        "dci": 0.17605190409708482
    },
    "step180000": {
        "factor_vae_metric": 0.5578,
        "modularity_score": 0.8876169950593578,
        "sap_score": 0.06452,
        "mig": 0.15128849966129668,
        "dci": 0.19025759578701987
    },
    "step210000": {
        "factor_vae_metric": 0.5838,
        "modularity_score": 0.8719178779264103,
        "sap_score": 0.0566,
        "mig": 0.14897318368826043,
        "dci": 0.19749351894904021
    },
    "step240000": {
        "factor_vae_metric": 0.5934,
        "modularity_score": 0.8783283625339277,
        "sap_score": 0.06272000000000001,
        "mig": 0.150881319244801,
        "dci": 0.2108407835972217
    },
    "step270000": {
        "factor_vae_metric": 0.563,
        "modularity_score": 0.8791540449051135,
        "sap_score": 0.05936000000000001,
        "mig": 0.15440637655516687,
        "dci": 0.20005176323297397
    },
    "step300000": {
        "factor_vae_metric": 0.5498,
        "modularity_score": 0.834559160362496,
        "sap_score": 0.06899999999999999,
        "mig": 0.15583247113947551,
        "dci": 0.21336914081578168
    }
}