{
  "SAP_score": 0.07144000000000002,
  "elapsed_time": 6.964953899383545,
  "uuid": "f704a7ec-fbc1-45d0-b4ad-506895c9769d"
}