{
  "informativeness_train": 0.79598,
  "informativeness_test": 0.5489599999999999,
  "disentanglement": 0.27460621271693175,
  "completeness": 0.36121883893197815,
  "elapsed_time": 349.5909321308136,
  "uuid": "960c8bdd-8247-4e77-9902-785ac055f24a"
}