{
  "informativeness_train": 0.7211000000000001,
  "informativeness_test": 0.41192,
  "disentanglement": 0.1694854971095544,
  "completeness": 0.1945779751269891,
  "elapsed_time": 349.2261908054352,
  "uuid": "d1b7c780-b35e-4586-a511-bbea5077cea2"
}