{
  "discrete_mig": 0.14904348506113513,
  "elapsed_time": 0.8414270877838135,
  "uuid": "fe72f6cf-d6a3-4a43-a066-38d819e8f2e9"
}