{
    "step30000": {
        "factor_vae_metric": 0.395,
        "modularity_score": 0.8587500440789292,
        "sap_score": 0.011439999999999999,
        "mig": 0.04186624458086803,
        "dci": 0.07195563498071425
    },
    "step60000": {
        "factor_vae_metric": 0.364,
        "modularity_score": 0.8635234545145799,
        "sap_score": 0.004999999999999995,
        "mig": 0.04680149128734086,
        "dci": 0.08901552552159674
    },
    "step90000": {
        "factor_vae_metric": 0.342,
        "modularity_score": 0.8486823078960928,
        "sap_score": 0.004680000000000006,
        "mig": 0.04830274928982775,
        "dci": 0.08985388332990826
    },
    "step120000": {
        "factor_vae_metric": 0.3252,
        "modularity_score": 0.8464152285592912,
        "sap_score": 0.0074000000000000055,
        "mig": 0.04861008901603505,
        "dci": 0.08559249825947449
    },
    "step150000": {
        "factor_vae_metric": 0.3424,
        "modularity_score": 0.8801274057494213,
        "sap_score": 0.009639999999999992,
        "mig": 0.044856491318075245,
        "dci": 0.08816055675349675
    },
    "step180000": {
        "factor_vae_metric": 0.3344,
        "modularity_score": 0.8799111054519274,
        "sap_score": 0.009680000000000001,
        "mig": 0.04135483303002973,
        "dci": 0.08144529734181494
    },
    "step210000": {
        "factor_vae_metric": 0.3338,
        "modularity_score": 0.8817486511324928,
        "sap_score": 0.012679999999999997,
        "mig": 0.03996118943895614,
        "dci": 0.08532319676066054
    },
    "step240000": {
        "factor_vae_metric": 0.3258,
        "modularity_score": 0.8658663814431764,
        "sap_score": 0.011519999999999996,
        "mig": 0.03746505741705751,
        "dci": 0.07579686679015496
    },
    "step270000": {
        "factor_vae_metric": 0.319,
        "modularity_score": 0.8656711246143891,
        "sap_score": 0.013040000000000001,
        "mig": 0.036798479790636336,
        "dci": 0.07559684951803991
    },
    "step300000": {
        "factor_vae_metric": 0.3312,
        "modularity_score": 0.8671737083291579,
        "sap_score": 0.0102,
        "mig": 0.034988639729827874,
        "dci": 0.07768972614627867
    }
}