{
  "SAP_score": 0.10188000000000001,
  "elapsed_time": 3.4223625659942627,
  "uuid": "3b107348-7ed0-4d3d-a35a-0858bd42c333"
}