{
  "modularity_score": 0.9049898466574475,
  "explicitness_score_train": 0.8468625363098076,
  "explicitness_score_test": 0.84675306150364,
  "elapsed_time": 13.136922597885132,
  "uuid": "726426c5-781d-48d6-9903-a4103e9afcc1"
}