{
  "discrete_mig": 0.047296723260816506,
  "elapsed_time": 0.579758882522583,
  "uuid": "db512fc1-d288-48c8-9415-29cc09f3644c"
}