{
    "step30000": {
        "factor_vae_metric": 0.5934,
        "modularity_score": 0.8542492402399159,
        "sap_score": 0.008400000000000001,
        "mig": 0.025395863217136244,
        "dci": 0.09068410755193798
    },
    "step60000": {
        "factor_vae_metric": 0.5696,
        "modularity_score": 0.8640404234632781,
        "sap_score": 0.007959999999999995,
        "mig": 0.0307172966166612,
        "dci": 0.097137945637956
    },
    "step90000": {
        "factor_vae_metric": 0.612,
        "modularity_score": 0.8389700766160644,
        "sap_score": 0.008319999999999994,
        "mig": 0.028293660038198172,
        "dci": 0.11560058999062062
    },
    "step120000": {
        "factor_vae_metric": 0.6648,
        "modularity_score": 0.8047333866035176,
        "sap_score": 0.013080000000000003,
        "mig": 0.033137187738988015,
        "dci": 0.1457444183143826
    },
    "step150000": {
        "factor_vae_metric": 0.6946,
        "modularity_score": 0.7735831416661705,
        "sap_score": 0.013320000000000002,
        "mig": 0.04539448294030367,
        "dci": 0.1650048239492367
    },
    "step180000": {
        "factor_vae_metric": 0.7122,
        "modularity_score": 0.7830757894721648,
        "sap_score": 0.011760000000000005,
        "mig": 0.05688375363594592,
        "dci": 0.18241690380315415
    },
    "step210000": {
        "factor_vae_metric": 0.7132,
        "modularity_score": 0.8148625615276679,
        "sap_score": 0.009639999999999992,
        "mig": 0.06597915279535257,
        "dci": 0.20401009858808228
    },
    "step240000": {
        "factor_vae_metric": 0.7186,
        "modularity_score": 0.8015975328148697,
        "sap_score": 0.009519999999999995,
        "mig": 0.07229419888303136,
        "dci": 0.2263355459989377
    },
    "step270000": {
        "factor_vae_metric": 0.7186,
        "modularity_score": 0.8172759259751168,
        "sap_score": 0.007439999999999993,
        "mig": 0.07458498726072114,
        "dci": 0.24230138718961505
    },
    "step300000": {
        "factor_vae_metric": 0.722,
        "modularity_score": 0.8462106350182441,
        "sap_score": 0.0054800000000000005,
        "mig": 0.0763816737900637,
        "dci": 0.24864787329298677
    }
}