{
  "SAP_score": 0.031999999999999994,
  "elapsed_time": 3.6774744987487793,
  "uuid": "c3f2fe05-9630-4753-8d22-0c0e92f2c559"
}