{
  "modularity_score": 0.9234219347063259,
  "explicitness_score_train": 0.9266211154346455,
  "explicitness_score_test": 0.9256312598689966,
  "elapsed_time": 5.879270553588867,
  "uuid": "49569d58-0919-4259-bacf-56a9b6f795b9"
}