{
  "modularity_score": 0.792404495819298,
  "explicitness_score_train": 0.7805091615389735,
  "explicitness_score_test": 0.7668756486427007,
  "elapsed_time": 7.67958664894104,
  "uuid": "de61c10c-3d85-466e-904d-bcd7f73b3605"
}