{
  "discrete_mig": 0.07091797764395122,
  "elapsed_time": 0.5844626426696777,
  "uuid": "edee6605-7463-4a36-a816-bce4313a412b"
}