{
  "SAP_score": 0.061880000000000004,
  "elapsed_time": 3.4131646156311035,
  "uuid": "be746b69-ae8f-4355-975b-b9267ae6d34e"
}