{
  "modularity_score": 0.8791408521686428,
  "explicitness_score_train": 0.8606509494649484,
  "explicitness_score_test": 0.8570993823183516,
  "elapsed_time": 4.5268235206604,
  "uuid": "576312b6-dbe7-48cb-8c47-2912bcfd8df8"
}