{
    "step30000": {
        "factor_vae_metric": 0.6724,
        "modularity_score": 0.9150960037095288,
        "sap_score": 0.03448,
        "mig": 0.050796972070930466,
        "dci": 0.14233295029936896
    },
    "step60000": {
        "factor_vae_metric": 0.7172,
        "modularity_score": 0.8963438164252489,
        "sap_score": 0.03755999999999999,
        "mig": 0.06240048238715079,
        "dci": 0.17793418622123025
    },
    "step90000": {
        "factor_vae_metric": 0.7086,
        "modularity_score": 0.8847953621096941,
        "sap_score": 0.04576000000000001,
        "mig": 0.07115629239345443,
        "dci": 0.2017601913388487
    },
    "step120000": {
        "factor_vae_metric": 0.728,
        "modularity_score": 0.8888531733714741,
        "sap_score": 0.04952000000000001,
        "mig": 0.08206489296551753,
        "dci": 0.23496935280306683
    },
    "step150000": {
        "factor_vae_metric": 0.7516,
        "modularity_score": 0.887665662390134,
        "sap_score": 0.057999999999999996,
        "mig": 0.10505799870621638,
        "dci": 0.27835371192328784
    },
    "step180000": {
        "factor_vae_metric": 0.7654,
        "modularity_score": 0.9137683340351457,
        "sap_score": 0.06668000000000002,
        "mig": 0.12408288169326893,
        "dci": 0.31129683758662013
    },
    "step210000": {
        "factor_vae_metric": 0.7702,
        "modularity_score": 0.9214089940106014,
        "sap_score": 0.06904,
        "mig": 0.13570023188183294,
        "dci": 0.33044787336285686
    },
    "step240000": {
        "factor_vae_metric": 0.7638,
        "modularity_score": 0.9201834618333485,
        "sap_score": 0.05775999999999999,
        "mig": 0.14337354036698846,
        "dci": 0.33968533008022617
    },
    "step270000": {
        "factor_vae_metric": 0.7658,
        "modularity_score": 0.9024351929688411,
        "sap_score": 0.06968,
        "mig": 0.15036398511890786,
        "dci": 0.34565816180436143
    },
    "step300000": {
        "factor_vae_metric": 0.7724,
        "modularity_score": 0.9049898466574475,
        "sap_score": 0.07144000000000002,
        "mig": 0.14904348506113513,
        "dci": 0.35398060616565347
    }
}