{
    "step30000": {
        "factor_vae_metric": 0.7244,
        "modularity_score": 0.852961438559199,
        "sap_score": 0.02532,
        "mig": 0.05365571765040348,
        "dci": 0.1416438887394827
    },
    "step60000": {
        "factor_vae_metric": 0.7544,
        "modularity_score": 0.8211825625896193,
        "sap_score": 0.029319999999999992,
        "mig": 0.07968695974103686,
        "dci": 0.1701477029490896
    },
    "step90000": {
        "factor_vae_metric": 0.7886,
        "modularity_score": 0.8025311017045634,
        "sap_score": 0.038,
        "mig": 0.09801480432559175,
        "dci": 0.2116080767434729
    },
    "step120000": {
        "factor_vae_metric": 0.8116,
        "modularity_score": 0.8600470487703891,
        "sap_score": 0.047279999999999996,
        "mig": 0.1096358903690943,
        "dci": 0.2468062704263475
    },
    "step150000": {
        "factor_vae_metric": 0.825,
        "modularity_score": 0.8877535113125576,
        "sap_score": 0.05404,
        "mig": 0.12011078327262452,
        "dci": 0.27025345042480714
    },
    "step180000": {
        "factor_vae_metric": 0.8294,
        "modularity_score": 0.8753389581318295,
        "sap_score": 0.06300000000000001,
        "mig": 0.12724734503834512,
        "dci": 0.2892799590530382
    },
    "step210000": {
        "factor_vae_metric": 0.8292,
        "modularity_score": 0.8809270733307144,
        "sap_score": 0.06376,
        "mig": 0.1322414874017741,
        "dci": 0.30137863987869884
    },
    "step240000": {
        "factor_vae_metric": 0.8288,
        "modularity_score": 0.9229374684752972,
        "sap_score": 0.0692,
        "mig": 0.13237553499571844,
        "dci": 0.30788543606037094
    },
    "step270000": {
        "factor_vae_metric": 0.8344,
        "modularity_score": 0.9036071058160132,
        "sap_score": 0.07084000000000001,
        "mig": 0.1317776484367606,
        "dci": 0.31907877277056684
    },
    "step300000": {
        "factor_vae_metric": 0.84,
        "modularity_score": 0.8791408521686428,
        "sap_score": 0.07116,
        "mig": 0.1300406386764643,
        "dci": 0.3291768052225746
    }
}