{
  "modularity_score": 0.9286655500943614,
  "explicitness_score_train": 0.942324815093895,
  "explicitness_score_test": 0.9400852253157828,
  "elapsed_time": 6.067340612411499,
  "uuid": "b3a5120c-aaa1-47bc-8893-0e4837e62d72"
}