{
  "modularity_score": 0.7622845877952654,
  "explicitness_score_train": 0.7797373743303683,
  "explicitness_score_test": 0.7677029234063734,
  "elapsed_time": 11.0182204246521,
  "uuid": "cb803c77-c5fd-41b3-a9e1-c7703ee699fa"
}