{
    "step30000": {
        "factor_vae_metric": 0.5574,
        "modularity_score": 0.8321558808912529,
        "sap_score": 0.022639999999999997,
        "mig": 0.048341854570497236,
        "dci": 0.11088565099278751
    },
    "step60000": {
        "factor_vae_metric": 0.6604,
        "modularity_score": 0.8188152827436935,
        "sap_score": 0.04451999999999999,
        "mig": 0.05862631724235392,
        "dci": 0.16124604443405177
    },
    "step90000": {
        "factor_vae_metric": 0.6484,
        "modularity_score": 0.8235195019320359,
        "sap_score": 0.06168000000000001,
        "mig": 0.087431626941594,
        "dci": 0.18401899984678396
    },
    "step120000": {
        "factor_vae_metric": 0.6582,
        "modularity_score": 0.8736024002209097,
        "sap_score": 0.06543999999999998,
        "mig": 0.11597666885348415,
        "dci": 0.20314164168730584
    },
    "step150000": {
        "factor_vae_metric": 0.652,
        "modularity_score": 0.8998599284995835,
        "sap_score": 0.06536,
        "mig": 0.12706686892427838,
        "dci": 0.20955093312392278
    },
    "step180000": {
        "factor_vae_metric": 0.6452,
        "modularity_score": 0.8925699233493305,
        "sap_score": 0.0712,
        "mig": 0.1319790641084275,
        "dci": 0.22486426715070357
    },
    "step210000": {
        "factor_vae_metric": 0.662,
        "modularity_score": 0.8884740707937903,
        "sap_score": 0.045799999999999993,
        "mig": 0.1196433792678637,
        "dci": 0.22552153538594003
    },
    "step240000": {
        "factor_vae_metric": 0.6476,
        "modularity_score": 0.8981148242095636,
        "sap_score": 0.06595999999999999,
        "mig": 0.13467140520699278,
        "dci": 0.22566871129518323
    },
    "step270000": {
        "factor_vae_metric": 0.6452,
        "modularity_score": 0.9049624633064035,
        "sap_score": 0.06612000000000001,
        "mig": 0.13708812223920966,
        "dci": 0.2306855660342421
    },
    "step300000": {
        "factor_vae_metric": 0.656,
        "modularity_score": 0.9235657126494612,
        "sap_score": 0.06683999999999998,
        "mig": 0.13834262966261904,
        "dci": 0.22055763422652017
    }
}