{
    "epoch100": {
        "factor_vae_metric": 0.647,
        "modularity_score": 0.8421851768185402,
        "sap_score": 0.008680000000000007,
        "mig": 0.03289244139594809,
        "dci": 0.10921777475736416
    },
    "epoch200": {
        "factor_vae_metric": 0.6868,
        "modularity_score": 0.8218713323370606,
        "sap_score": 0.00552,
        "mig": 0.0392130260135334,
        "dci": 0.13922152876150656
    },
    "epoch300": {
        "factor_vae_metric": 0.6992,
        "modularity_score": 0.853767431061566,
        "sap_score": 0.0076800000000000045,
        "mig": 0.05086858536766301,
        "dci": 0.16596674284899707
    },
    "epoch400": {
        "factor_vae_metric": 0.6978,
        "modularity_score": 0.8666200088691642,
        "sap_score": 0.009520000000000018,
        "mig": 0.06063300022668792,
        "dci": 0.18126746033741797
    }
}