{
    "epoch100": {
        "factor_vae_metric": 0.5856,
        "modularity_score": 0.8259038545942736,
        "sap_score": 0.003439999999999996,
        "mig": 0.02190261562965602,
        "dci": 0.09578018998661209
    },
    "epoch200": {
        "factor_vae_metric": 0.6608,
        "modularity_score": 0.8658706303584989,
        "sap_score": 0.028720000000000002,
        "mig": 0.04072102003519897,
        "dci": 0.14019811118208544
    },
    "epoch300": {
        "factor_vae_metric": 0.6138,
        "modularity_score": 0.8811536857494472,
        "sap_score": 0.02268000000000001,
        "mig": 0.03648408778629641,
        "dci": 0.1604878521917694
    },
    "epoch400": {
        "factor_vae_metric": 0.6482,
        "modularity_score": 0.8696258117214356,
        "sap_score": 0.003999999999999995,
        "mig": 0.026962596487158486,
        "dci": 0.19147365455984589
    },
    "epoch500": {
        "factor_vae_metric": 0.669,
        "modularity_score": 0.8880732477997159,
        "sap_score": 0.008800000000000011,
        "mig": 0.027070419293408404,
        "dci": 0.21793181189689326
    },
    "epoch600": {
        "factor_vae_metric": 0.6836,
        "modularity_score": 0.897723393357345,
        "sap_score": 0.005879999999999996,
        "mig": 0.030606078617976658,
        "dci": 0.23286118113583415
    },
    "epoch700": {
        "factor_vae_metric": 0.7024,
        "modularity_score": 0.9006496191978025,
        "sap_score": 0.00532,
        "mig": 0.03328491855252068,
        "dci": 0.23788969495286044
    },
    "epoch800": {
        "factor_vae_metric": 0.733,
        "modularity_score": 0.8829310094226708,
        "sap_score": 0.005759999999999989,
        "mig": 0.03704277653308123,
        "dci": 0.24698426622867495
    },
    "epoch900": {
        "factor_vae_metric": 0.7354,
        "modularity_score": 0.8869833658969863,
        "sap_score": 0.005799999999999998,
        "mig": 0.039938126246064715,
        "dci": 0.2500946142360345
    },
    "epoch1000": {
        "factor_vae_metric": 0.7478,
        "modularity_score": 0.8983256744073428,
        "sap_score": 0.007719999999999999,
        "mig": 0.04440598923795731,
        "dci": 0.2556821289016361
    },
    "epoch1100": {
        "factor_vae_metric": 0.7772,
        "modularity_score": 0.8838376739690466,
        "sap_score": 0.015319999999999997,
        "mig": 0.07547726318311612,
        "dci": 0.22780641320604936
    },
    "epoch1200": {
        "factor_vae_metric": 0.7916,
        "modularity_score": 0.8925493749311364,
        "sap_score": 0.019839999999999997,
        "mig": 0.07497024157125683,
        "dci": 0.2332658878946755
    },
    "epoch1300": {
        "factor_vae_metric": 0.8044,
        "modularity_score": 0.8993275077195177,
        "sap_score": 0.021640000000000013,
        "mig": 0.07869755751902949,
        "dci": 0.23962949146063067
    },
    "epoch1400": {
        "factor_vae_metric": 0.8114,
        "modularity_score": 0.901368666068471,
        "sap_score": 0.023240000000000004,
        "mig": 0.07971835281121357,
        "dci": 0.24681890966472825
    },
    "epoch1500": {
        "factor_vae_metric": 0.8196,
        "modularity_score": 0.9038934242885619,
        "sap_score": 0.02436,
        "mig": 0.08073279889263524,
        "dci": 0.251467010587893
    },
    "epoch1600": {
        "factor_vae_metric": 0.8282,
        "modularity_score": 0.9066794950878524,
        "sap_score": 0.02627999999999998,
        "mig": 0.08405218086755524,
        "dci": 0.26034770244430494
    },
    "epoch1700": {
        "factor_vae_metric": 0.8336,
        "modularity_score": 0.9118416487936489,
        "sap_score": 0.026519999999999995,
        "mig": 0.08229596354411386,
        "dci": 0.26584474832513416
    },
    "epoch1800": {
        "factor_vae_metric": 0.8356,
        "modularity_score": 0.9105543202719361,
        "sap_score": 0.025880000000000004,
        "mig": 0.08115922436565721,
        "dci": 0.2719376205521434
    },
    "epoch1900": {
        "factor_vae_metric": 0.8414,
        "modularity_score": 0.9114008207349562,
        "sap_score": 0.025479999999999992,
        "mig": 0.08525947668664777,
        "dci": 0.27464166859490396
    },
    "epoch2000": {
        "factor_vae_metric": 0.846,
        "modularity_score": 0.9142111274573776,
        "sap_score": 0.025920000000000006,
        "mig": 0.08297314962902284,
        "dci": 0.28254022478189356
    }
}