{
    "epoch100": {
        "factor_vae_metric": 0.647,
        "modularity_score": 0.8421851768185402,
        "sap_score": 0.008680000000000007,
        "mig": 0.03289244139594809,
        "dci": 0.10921777475736416
    },
    "epoch200": {
        "factor_vae_metric": 0.6868,
        "modularity_score": 0.8218713323370606,
        "sap_score": 0.00552,
        "mig": 0.0392130260135334,
        "dci": 0.13922152876150656
    },
    "epoch300": {
        "factor_vae_metric": 0.6992,
        "modularity_score": 0.853767431061566,
        "sap_score": 0.0076800000000000045,
        "mig": 0.05086858536766301,
        "dci": 0.16596674284899707
    },
    "epoch400": {
        "factor_vae_metric": 0.6978,
        "modularity_score": 0.8666200088691642,
        "sap_score": 0.009520000000000018,
        "mig": 0.06063300022668792,
        "dci": 0.18126746033741797
    },
    "epoch500": {
        "factor_vae_metric": 0.6942,
        "modularity_score": 0.8740789429423993,
        "sap_score": 0.010879999999999997,
        "mig": 0.06508151277865724,
        "dci": 0.19212446504567035
    },
    "epoch600": {
        "factor_vae_metric": 0.7006,
        "modularity_score": 0.8743547417227282,
        "sap_score": 0.01048,
        "mig": 0.07005188060627439,
        "dci": 0.19966946464019666
    },
    "epoch700": {
        "factor_vae_metric": 0.7062,
        "modularity_score": 0.8716091282907685,
        "sap_score": 0.010119999999999994,
        "mig": 0.07458178539015618,
        "dci": 0.20727329247099774
    },
    "epoch800": {
        "factor_vae_metric": 0.7258,
        "modularity_score": 0.8630960503796562,
        "sap_score": 0.013039999999999996,
        "mig": 0.07200821854650978,
        "dci": 0.2111654034627495
    },
    "epoch900": {
        "factor_vae_metric": 0.733,
        "modularity_score": 0.8728662162905788,
        "sap_score": 0.012640000000000002,
        "mig": 0.07365874715408631,
        "dci": 0.21812701819756505
    },
    "epoch1000": {
        "factor_vae_metric": 0.7568,
        "modularity_score": 0.877290674776385,
        "sap_score": 0.014280000000000004,
        "mig": 0.07541230509102215,
        "dci": 0.22233887088580997
    },
    "epoch1100": {
        "factor_vae_metric": 0.7772,
        "modularity_score": 0.8838376739690466,
        "sap_score": 0.015319999999999997,
        "mig": 0.07547726318311612,
        "dci": 0.22780641320604936
    },
    "epoch1200": {
        "factor_vae_metric": 0.7916,
        "modularity_score": 0.8925493749311364,
        "sap_score": 0.019839999999999997,
        "mig": 0.07497024157125683,
        "dci": 0.2332658878946755
    },
    "epoch1300": {
        "factor_vae_metric": 0.8044,
        "modularity_score": 0.8993275077195177,
        "sap_score": 0.021640000000000013,
        "mig": 0.07869755751902949,
        "dci": 0.23962949146063067
    },
    "epoch1400": {
        "factor_vae_metric": 0.8114,
        "modularity_score": 0.901368666068471,
        "sap_score": 0.023240000000000004,
        "mig": 0.07971835281121357,
        "dci": 0.24681890966472825
    },
    "epoch1500": {
        "factor_vae_metric": 0.8196,
        "modularity_score": 0.9038934242885619,
        "sap_score": 0.02436,
        "mig": 0.08073279889263524,
        "dci": 0.251467010587893
    },
    "epoch1600": {
        "factor_vae_metric": 0.8282,
        "modularity_score": 0.9066794950878524,
        "sap_score": 0.02627999999999998,
        "mig": 0.08405218086755524,
        "dci": 0.26034770244430494
    },
    "epoch1700": {
        "factor_vae_metric": 0.8336,
        "modularity_score": 0.9118416487936489,
        "sap_score": 0.026519999999999995,
        "mig": 0.08229596354411386,
        "dci": 0.26584474832513416
    },
    "epoch1800": {
        "factor_vae_metric": 0.8356,
        "modularity_score": 0.9105543202719361,
        "sap_score": 0.025880000000000004,
        "mig": 0.08115922436565721,
        "dci": 0.2719376205521434
    },
    "epoch1900": {
        "factor_vae_metric": 0.8414,
        "modularity_score": 0.9114008207349562,
        "sap_score": 0.025479999999999992,
        "mig": 0.08525947668664777,
        "dci": 0.27464166859490396
    },
    "epoch2000": {
        "factor_vae_metric": 0.846,
        "modularity_score": 0.9142111274573776,
        "sap_score": 0.025920000000000006,
        "mig": 0.08297314962902284,
        "dci": 0.28254022478189356
    }
}