{
    "epoch100": {
        "factor_vae_metric": 0.647,
        "modularity_score": 0.8421851768185402,
        "sap_score": 0.008680000000000007,
        "mig": 0.03289244139594809,
        "dci": 0.10921777475736416
    },
    "epoch200": {
        "factor_vae_metric": 0.6868,
        "modularity_score": 0.8218713323370606,
        "sap_score": 0.00552,
        "mig": 0.0392130260135334,
        "dci": 0.13922152876150656
    },
    "epoch300": {
        "factor_vae_metric": 0.6992,
        "modularity_score": 0.853767431061566,
        "sap_score": 0.0076800000000000045,
        "mig": 0.05086858536766301,
        "dci": 0.16596674284899707
    },
    "epoch400": {
        "factor_vae_metric": 0.6978,
        "modularity_score": 0.8666200088691642,
        "sap_score": 0.009520000000000018,
        "mig": 0.06063300022668792,
        "dci": 0.18126746033741797
    },
    "epoch500": {
        "factor_vae_metric": 0.6942,
        "modularity_score": 0.8740789429423993,
        "sap_score": 0.010879999999999997,
        "mig": 0.06508151277865724,
        "dci": 0.19212446504567035
    },
    "epoch600": {
        "factor_vae_metric": 0.7006,
        "modularity_score": 0.8743547417227282,
        "sap_score": 0.01048,
        "mig": 0.07005188060627439,
        "dci": 0.19966946464019666
    },
    "epoch700": {
        "factor_vae_metric": 0.7062,
        "modularity_score": 0.8716091282907685,
        "sap_score": 0.010119999999999994,
        "mig": 0.07458178539015618,
        "dci": 0.20727329247099774
    },
    "epoch800": {
        "factor_vae_metric": 0.7258,
        "modularity_score": 0.8630960503796562,
        "sap_score": 0.013039999999999996,
        "mig": 0.07200821854650978,
        "dci": 0.2111654034627495
    },
    "epoch900": {
        "factor_vae_metric": 0.733,
        "modularity_score": 0.8728662162905788,
        "sap_score": 0.012640000000000002,
        "mig": 0.07365874715408631,
        "dci": 0.21812701819756505
    },
    "epoch1000": {
        "factor_vae_metric": 0.7568,
        "modularity_score": 0.877290674776385,
        "sap_score": 0.014280000000000004,
        "mig": 0.07541230509102215,
        "dci": 0.22233887088580997
    }
}