{
  "discrete_mig": 0.011438852372954866,
  "elapsed_time": 0.8456463813781738,
  "uuid": "ed135bba-7c3d-4bb7-bdd5-8a77c62fb2e7"
}