{
    "step30000": {
        "factor_vae_metric": 0.6576,
        "modularity_score": 0.7843619363653626,
        "sap_score": 0.0698,
        "mig": 0.13810379663074374,
        "dci": 0.21941503149990985
    },
    "step60000": {
        "factor_vae_metric": 0.523,
        "modularity_score": 0.7420718130954781,
        "sap_score": 0.06771999999999999,
        "mig": 0.13666606878676524,
        "dci": 0.2449752731012676
    },
    "step90000": {
        "factor_vae_metric": 0.5214,
        "modularity_score": 0.814992533033468,
        "sap_score": 0.07116,
        "mig": 0.14971060007489476,
        "dci": 0.23785685803224194
    },
    "step120000": {
        "factor_vae_metric": 0.4952,
        "modularity_score": 0.841109778902355,
        "sap_score": 0.0694,
        "mig": 0.1593663767824036,
        "dci": 0.24574429694866975
    },
    "step150000": {
        "factor_vae_metric": 0.4816,
        "modularity_score": 0.8564719820894344,
        "sap_score": 0.06739999999999999,
        "mig": 0.16565224797673078,
        "dci": 0.23610726541244617
    },
    "step180000": {
        "factor_vae_metric": 0.4886,
        "modularity_score": 0.86760623823334,
        "sap_score": 0.06812,
        "mig": 0.1727204625491911,
        "dci": 0.23891359560009792
    },
    "step210000": {
        "factor_vae_metric": 0.5008,
        "modularity_score": 0.9046310714111778,
        "sap_score": 0.06824,
        "mig": 0.18589461078219455,
        "dci": 0.23826713432914656
    },
    "step240000": {
        "factor_vae_metric": 0.5082,
        "modularity_score": 0.9149829380370192,
        "sap_score": 0.05828000000000002,
        "mig": 0.17862586770722894,
        "dci": 0.22865743590614254
    },
    "step270000": {
        "factor_vae_metric": 0.5148,
        "modularity_score": 0.9162462961321992,
        "sap_score": 0.06260000000000002,
        "mig": 0.19370648840165244,
        "dci": 0.23336877183363755
    },
    "step300000": {
        "factor_vae_metric": 0.4964,
        "modularity_score": 0.9008799679071664,
        "sap_score": 0.061880000000000004,
        "mig": 0.2048140908542945,
        "dci": 0.23875920808291934
    }
}