{
  "modularity_score": 0.9229845588726366,
  "explicitness_score_train": 0.8197217949041684,
  "explicitness_score_test": 0.8109081260818929,
  "elapsed_time": 6.750668525695801,
  "uuid": "b4559966-9ae9-41e1-8e83-12109250470b"
}