{
  "discrete_mig": 0.00479707059953619,
  "elapsed_time": 0.8539698123931885,
  "uuid": "652a6496-08ee-47ed-9d82-4577a68f451a"
}