{
  "SAP_score": 0.01104000000000001,
  "elapsed_time": 3.4756674766540527,
  "uuid": "a6f8fac4-5ce2-431a-ac01-2bc4215f43af"
}