{
    "epoch100": {
        "factor_vae_metric": 0.4276,
        "modularity_score": 0.838283017692406,
        "sap_score": 0.0051600000000000075,
        "mig": 0.008042896751047184,
        "dci": 0.030284889202996004
    },
    "epoch200": {
        "factor_vae_metric": 0.405,
        "modularity_score": 0.8157665874839598,
        "sap_score": 0.004199999999999995,
        "mig": 0.011987445669392489,
        "dci": 0.023325701546224698
    },
    "epoch300": {
        "factor_vae_metric": 0.4106,
        "modularity_score": 0.789206126002246,
        "sap_score": 0.0036399999999999983,
        "mig": 0.01693535282580793,
        "dci": 0.021466461391250986
    },
    "epoch400": {
        "factor_vae_metric": 0.4094,
        "modularity_score": 0.7703532809092672,
        "sap_score": 0.005720000000000005,
        "mig": 0.014831402277960964,
        "dci": 0.018990565374459364
    },
    "epoch500": {
        "factor_vae_metric": 0.4108,
        "modularity_score": 0.776061102459373,
        "sap_score": 0.006279999999999994,
        "mig": 0.012852715536128684,
        "dci": 0.018159000685859947
    },
    "epoch600": {
        "factor_vae_metric": 0.4128,
        "modularity_score": 0.7595917390940423,
        "sap_score": 0.005600000000000002,
        "mig": 0.012221558822828589,
        "dci": 0.01718523152413856
    },
    "epoch700": {
        "factor_vae_metric": 0.4022,
        "modularity_score": 0.7464945827272009,
        "sap_score": 0.006039999999999993,
        "mig": 0.012847708072970088,
        "dci": 0.018770758280274358
    },
    "epoch800": {
        "factor_vae_metric": 0.392,
        "modularity_score": 0.7466455953534361,
        "sap_score": 0.005000000000000002,
        "mig": 0.012037941614490415,
        "dci": 0.016885701227558482
    }
}