{
  "discrete_mig": 0.19699978755837205,
  "elapsed_time": 0.5741679668426514,
  "uuid": "20aeb003-9d7a-450c-a889-e5cc953d6556"
}