{
  "discrete_mig": 0.004959594857449056,
  "elapsed_time": 0.8854920864105225,
  "uuid": "178dec1d-9e9b-4410-b61a-ada7056e5aee"
}