{
    "epoch100": {
        "factor_vae_metric": 0.3806,
        "modularity_score": 0.8564778289599723,
        "sap_score": 0.011200000000000003,
        "mig": 0.012681670151329663,
        "dci": 0.03187469979422834
    },
    "epoch200": {
        "factor_vae_metric": 0.3938,
        "modularity_score": 0.8544411917222356,
        "sap_score": 0.00952,
        "mig": 0.008112294462434538,
        "dci": 0.026107015564187833
    },
    "epoch300": {
        "factor_vae_metric": 0.393,
        "modularity_score": 0.8499463647568911,
        "sap_score": 0.006039999999999995,
        "mig": 0.009091476142710955,
        "dci": 0.025692201522433976
    },
    "epoch400": {
        "factor_vae_metric": 0.4,
        "modularity_score": 0.8459142700874217,
        "sap_score": 0.007360000000000005,
        "mig": 0.010334713646285387,
        "dci": 0.024127191066555816
    },
    "epoch500": {
        "factor_vae_metric": 0.3976,
        "modularity_score": 0.8387256533144555,
        "sap_score": 0.007079999999999994,
        "mig": 0.009800785798390433,
        "dci": 0.024122228723184806
    },
    "epoch600": {
        "factor_vae_metric": 0.3944,
        "modularity_score": 0.8322918932321912,
        "sap_score": 0.005599999999999995,
        "mig": 0.00936665039143913,
        "dci": 0.023207315566448207
    },
    "epoch700": {
        "factor_vae_metric": 0.3898,
        "modularity_score": 0.8299568793860189,
        "sap_score": 0.004359999999999995,
        "mig": 0.008154784966489125,
        "dci": 0.023195243920023645
    },
    "epoch800": {
        "factor_vae_metric": 0.378,
        "modularity_score": 0.8240325949955045,
        "sap_score": 0.004959999999999987,
        "mig": 0.008830674203982609,
        "dci": 0.02421095036157408
    },
    "epoch900": {
        "factor_vae_metric": 0.3772,
        "modularity_score": 0.8203285877723175,
        "sap_score": 0.0036000000000000025,
        "mig": 0.0067648836137200585,
        "dci": 0.02234610216690015
    },
    "epoch1000": {
        "factor_vae_metric": 0.3738,
        "modularity_score": 0.8221396286753195,
        "sap_score": 0.00460000000000001,
        "mig": 0.007494248902527205,
        "dci": 0.023691963767605836
    }
}