{
  "SAP_score": 0.00860000000000001,
  "elapsed_time": 3.4377827644348145,
  "uuid": "41dc293d-4755-43da-b08b-2d6cd1b20e44"
}