{
  "SAP_score": 0.03708,
  "elapsed_time": 3.626173973083496,
  "uuid": "d6bfcd81-0822-4eee-b5cd-dfa4cd8bea21"
}