{
  "modularity_score": 0.8794356748294726,
  "explicitness_score_train": 0.7953047397994901,
  "explicitness_score_test": 0.7876745441874077,
  "elapsed_time": 3.959749698638916,
  "uuid": "b45c17cd-2eda-448a-beed-74e2948aabd2"
}