{
  "discrete_mig": 0.5013271800445462,
  "elapsed_time": 0.9144885540008545,
  "uuid": "ed5d1b10-2361-4dd4-a02f-da9a07857710"
}