{
  "discrete_mig": 0.5893291982388863,
  "elapsed_time": 0.971027135848999,
  "uuid": "41dbb5a0-6872-436e-9bfe-6fea446e9ee6"
}