{
  "modularity_score": 0.8643985446566533,
  "explicitness_score_train": 0.8529165495143003,
  "explicitness_score_test": 0.8482348895843982,
  "elapsed_time": 4.66938328742981,
  "uuid": "0f9a3e97-0777-47d2-a6a6-8220791aec43"
}