{
  "modularity_score": 0.7828989031300189,
  "explicitness_score_train": 0.7740072515347478,
  "explicitness_score_test": 0.7627240494332354,
  "elapsed_time": 9.092273712158203,
  "uuid": "e3606b8b-6d96-4f53-8082-cc95aefe61c4"
}