{
  "modularity_score": 0.7466455953534361,
  "explicitness_score_train": 0.7804400469862143,
  "explicitness_score_test": 0.768626192971321,
  "elapsed_time": 3.700728416442871,
  "uuid": "d4c191a1-c251-4e9f-8e09-f26beb697912"
}