{
  "modularity_score": 0.743982804910839,
  "explicitness_score_train": 0.7774622515109578,
  "explicitness_score_test": 0.7654786206078278,
  "elapsed_time": 3.428260326385498,
  "uuid": "64064a2e-5589-4c0c-ae64-669ba81e32af"
}