{
  "modularity_score": 0.743982804910839,
  "explicitness_score_train": 0.7774622515109578,
  "explicitness_score_test": 0.7654786206078278,
  "elapsed_time": 3.4610707759857178,
  "uuid": "0be42ceb-7ddf-4b82-8163-20d4b8a514f9"
}