{
  "SAP_score": 0.07196,
  "elapsed_time": 3.378837823867798,
  "uuid": "21673d9d-8f5f-4ce6-89b4-8c7cdc2805f5"
}