{
  "SAP_score": 0.06516000000000001,
  "elapsed_time": 3.420285940170288,
  "uuid": "03ae75e1-2a2c-4cd5-a67a-13ee68d5cabe"
}