{
    "step30000": {
        "factor_vae_metric": 0.828,
        "modularity_score": 0.7925542909980783,
        "sap_score": 0.06584,
        "mig": 0.36340782832668744,
        "dci": 0.5362512042906457
    },
    "step60000": {
        "factor_vae_metric": 0.8616,
        "modularity_score": 0.7936957235670611,
        "sap_score": 0.07052,
        "mig": 0.389153877703065,
        "dci": 0.5501565246141773
    },
    "step90000": {
        "factor_vae_metric": 0.8828,
        "modularity_score": 0.8628604804271168,
        "sap_score": 0.09159999999999999,
        "mig": 0.4141994371471588,
        "dci": 0.5934793938006478
    },
    "step120000": {
        "factor_vae_metric": 0.9086,
        "modularity_score": 0.8660854014653296,
        "sap_score": 0.10995999999999999,
        "mig": 0.4430529363868607,
        "dci": 0.6375274835589637
    },
    "step150000": {
        "factor_vae_metric": 0.9244,
        "modularity_score": 0.8456921393708304,
        "sap_score": 0.10511999999999999,
        "mig": 0.5169579059378444,
        "dci": 0.7013064864728891
    },
    "step180000": {
        "factor_vae_metric": 0.948,
        "modularity_score": 0.8612325477012563,
        "sap_score": 0.09348000000000001,
        "mig": 0.5463362078670765,
        "dci": 0.7498580226560659
    },
    "step210000": {
        "factor_vae_metric": 0.948,
        "modularity_score": 0.865459811345367,
        "sap_score": 0.09867999999999999,
        "mig": 0.5706600391789227,
        "dci": 0.7819261420359175
    },
    "step240000": {
        "factor_vae_metric": 0.9514,
        "modularity_score": 0.8845799319237797,
        "sap_score": 0.10555999999999999,
        "mig": 0.5796282357450557,
        "dci": 0.805958017146341
    },
    "step270000": {
        "factor_vae_metric": 0.9498,
        "modularity_score": 0.8545901132169412,
        "sap_score": 0.11908,
        "mig": 0.5875935549928651,
        "dci": 0.8189581120338691
    },
    "step300000": {
        "factor_vae_metric": 0.948,
        "modularity_score": 0.876823549179894,
        "sap_score": 0.12080000000000002,
        "mig": 0.5950561762903971,
        "dci": 0.8368054336755206
    }
}