{
  "SAP_score": 0.052120000000000014,
  "elapsed_time": 3.2781646251678467,
  "uuid": "ac1e3b4b-fa35-4cf3-959b-2aac83d1a66d"
}