{
  "discrete_mig": 0.034365248785205325,
  "elapsed_time": 0.9068834781646729,
  "uuid": "18f674ea-0024-423b-b0fb-9cdb2e161844"
}