{
  "modularity_score": 0.8703299115446205,
  "explicitness_score_train": 0.8441367575214157,
  "explicitness_score_test": 0.840492166391195,
  "elapsed_time": 6.281902074813843,
  "uuid": "06144b25-db0e-4d24-a819-7c113913dd7f"
}