{
  "informativeness_train": 0.7451000000000001,
  "informativeness_test": 0.39644,
  "disentanglement": 0.03333131107701165,
  "completeness": 0.029148994970692493,
  "elapsed_time": 557.8480093479156,
  "uuid": "3835db59-90d0-4122-b9cb-947e13c9ed19"
}