{
  "informativeness_train": 0.8005599999999999,
  "informativeness_test": 0.4864,
  "disentanglement": 0.21312224751788644,
  "completeness": 0.1653152235286847,
  "elapsed_time": 355.6417078971863,
  "uuid": "443d03c9-a657-489c-bb7f-a8bd4a3e0482"
}