{
  "modularity_score": 0.8126477083173734,
  "explicitness_score_train": 0.7791662801932244,
  "explicitness_score_test": 0.7721283335800753,
  "elapsed_time": 2.790745258331299,
  "uuid": "dd9fe3b7-acbc-43d0-b618-f7eb40ff679a"
}