{
  "modularity_score": 0.7888818858197897,
  "explicitness_score_train": 0.7760957585662082,
  "explicitness_score_test": 0.7665409122515883,
  "elapsed_time": 4.837087154388428,
  "uuid": "d8b60ac6-a233-4cdb-b322-c5822ba12f2b"
}