{
  "discrete_mig": 0.01742251378163302,
  "elapsed_time": 0.6181027889251709,
  "uuid": "0a0e89d8-8242-483e-9733-5156bc69eca4"
}