{
  "modularity_score": 0.8944288243295535,
  "explicitness_score_train": 0.9283062285198763,
  "explicitness_score_test": 0.9263029081544325,
  "elapsed_time": 17.179320096969604,
  "uuid": "35b17c57-43ee-4a73-a8de-3c026510d919"
}