{
  "modularity_score": 0.9226037330571728,
  "explicitness_score_train": 0.9811518246752454,
  "explicitness_score_test": 0.9795877973340417,
  "elapsed_time": 13.251207113265991,
  "uuid": "8f00056e-1b4c-4b77-82df-5f3ca018efb7"
}