{
  "modularity_score": 0.877140721830066,
  "explicitness_score_train": 0.9264360447827983,
  "explicitness_score_test": 0.9244047022892286,
  "elapsed_time": 5.285704612731934,
  "uuid": "dad4db9a-a2e1-4e80-8093-9b73b6253337"
}