{
  "discrete_mig": 0.04440598923795731,
  "elapsed_time": 0.8699848651885986,
  "uuid": "95685882-f8b5-4cf6-88c0-ce2ff41831ed"
}