{
  "discrete_mig": 0.12677888661215295,
  "elapsed_time": 0.9363055229187012,
  "uuid": "31591374-8785-4b52-b112-b298b7419802"
}