{
  "discrete_mig": 0.07541230509102215,
  "elapsed_time": 0.9002964496612549,
  "uuid": "d6e20af1-aefc-479a-80c8-884e99bf02b3"
}