{
  "discrete_mig": 0.06063300022668792,
  "elapsed_time": 0.9221055507659912,
  "uuid": "bc3132ee-8fa4-4693-a017-22a0055a72d4"
}