{
  "discrete_mig": 0.2048140908542945,
  "elapsed_time": 0.6176962852478027,
  "uuid": "377972a9-e384-4362-b2f9-242698a76a81"
}