{
  "modularity_score": 0.9151329711306662,
  "explicitness_score_train": 0.7868173078008265,
  "explicitness_score_test": 0.7770983001221231,
  "elapsed_time": 6.581918716430664,
  "uuid": "7f4926f6-f8ae-4d9f-ad4d-1a9deed8eb29"
}