{
  "SAP_score": 0.05675999999999998,
  "elapsed_time": 3.4066903591156006,
  "uuid": "ea450d30-357e-473f-8113-e41887486dbb"
}