{
  "SAP_score": 0.13568,
  "elapsed_time": 3.5056352615356445,
  "uuid": "facd6ce9-1ffa-4d03-99c6-2c6bf8bb3c78"
}