{
    "epoch100": {
        "factor_vae_metric": 0.4028,
        "modularity_score": 0.8330321350817516,
        "sap_score": 0.010399999999999994,
        "mig": 0.018874033351798013,
        "dci": 0.03203037682106984
    },
    "epoch200": {
        "factor_vae_metric": 0.4098,
        "modularity_score": 0.8181076922970562,
        "sap_score": 0.008760000000000002,
        "mig": 0.02202918592284701,
        "dci": 0.028304575162997087
    },
    "epoch300": {
        "factor_vae_metric": 0.4198,
        "modularity_score": 0.7964061041770603,
        "sap_score": 0.004360000000000007,
        "mig": 0.022669092427277483,
        "dci": 0.026796902454797947
    },
    "epoch400": {
        "factor_vae_metric": 0.4138,
        "modularity_score": 0.79739679868117,
        "sap_score": 0.003679999999999993,
        "mig": 0.025866698589076975,
        "dci": 0.02556834454479687
    },
    "epoch500": {
        "factor_vae_metric": 0.422,
        "modularity_score": 0.7918266823582842,
        "sap_score": 0.004760000000000005,
        "mig": 0.027477553009227766,
        "dci": 0.026421353162083536
    },
    "epoch600": {
        "factor_vae_metric": 0.414,
        "modularity_score": 0.7899910458733953,
        "sap_score": 0.004360000000000001,
        "mig": 0.030338732846361044,
        "dci": 0.02578879231822114
    },
    "epoch700": {
        "factor_vae_metric": 0.4244,
        "modularity_score": 0.7970764310195418,
        "sap_score": 0.0054399999999999995,
        "mig": 0.0314989078634911,
        "dci": 0.02468591007401023
    },
    "epoch800": {
        "factor_vae_metric": 0.4238,
        "modularity_score": 0.7961010825899028,
        "sap_score": 0.0046,
        "mig": 0.03271719583888265,
        "dci": 0.023896214113731624
    },
    "epoch900": {
        "factor_vae_metric": 0.4244,
        "modularity_score": 0.8082795261261211,
        "sap_score": 0.005879999999999993,
        "mig": 0.03245503238547788,
        "dci": 0.02650275914737051
    },
    "epoch1000": {
        "factor_vae_metric": 0.4268,
        "modularity_score": 0.8057731700335278,
        "sap_score": 0.007599999999999993,
        "mig": 0.034365248785205325,
        "dci": 0.02499094205863702
    }
}