{
  "modularity_score": 0.834559160362496,
  "explicitness_score_train": 0.7923968581736129,
  "explicitness_score_test": 0.7813791079445677,
  "elapsed_time": 6.066451072692871,
  "uuid": "97526196-a050-4a79-a2ac-6662b4302403"
}