{
  "discrete_mig": 0.13834262966261904,
  "elapsed_time": 0.6287720203399658,
  "uuid": "b5d60f68-7061-42ed-b665-3a09ce0254b4"
}