{
    "step30000": {
        "factor_vae_metric": 0.8548,
        "modularity_score": 0.7400191584493194,
        "sap_score": 0.06964,
        "mig": 0.37425505715198926,
        "dci": 0.5254484852708914
    },
    "step60000": {
        "factor_vae_metric": 0.9124,
        "modularity_score": 0.7979641367968929,
        "sap_score": 0.08208,
        "mig": 0.41994950016690497,
        "dci": 0.5396471741036961
    },
    "step90000": {
        "factor_vae_metric": 0.9216,
        "modularity_score": 0.8670897224061687,
        "sap_score": 0.11711999999999997,
        "mig": 0.5235148552030581,
        "dci": 0.6471578113848215
    },
    "step120000": {
        "factor_vae_metric": 0.9218,
        "modularity_score": 0.8720865959492243,
        "sap_score": 0.1254,
        "mig": 0.5841126653644201,
        "dci": 0.715545137629557
    },
    "step150000": {
        "factor_vae_metric": 0.9334,
        "modularity_score": 0.8946120297669943,
        "sap_score": 0.13523999999999997,
        "mig": 0.6043015174183995,
        "dci": 0.7410514881871837
    },
    "step180000": {
        "factor_vae_metric": 0.9294,
        "modularity_score": 0.908485980588131,
        "sap_score": 0.13924,
        "mig": 0.6113795553348165,
        "dci": 0.7573610242612172
    },
    "step210000": {
        "factor_vae_metric": 0.9212,
        "modularity_score": 0.8587014086772766,
        "sap_score": 0.14028000000000002,
        "mig": 0.6175676234648866,
        "dci": 0.7755069593108527
    },
    "step240000": {
        "factor_vae_metric": 0.927,
        "modularity_score": 0.8943313895638438,
        "sap_score": 0.13864,
        "mig": 0.6158385076078396,
        "dci": 0.7886108198810854
    },
    "step270000": {
        "factor_vae_metric": 0.9356,
        "modularity_score": 0.8807339737722504,
        "sap_score": 0.13767999999999997,
        "mig": 0.619689627678125,
        "dci": 0.8057429409007895
    },
    "step300000": {
        "factor_vae_metric": 0.941,
        "modularity_score": 0.9087240831698876,
        "sap_score": 0.13788,
        "mig": 0.6209710975506726,
        "dci": 0.8181456540389749
    }
}