{
  "discrete_mig": 0.12616763029822775,
  "elapsed_time": 0.6326699256896973,
  "uuid": "a29579c0-f9b9-4796-88db-026e9f2bccea"
}