{
  "informativeness_train": 0.7352000000000001,
  "informativeness_test": 0.41107999999999995,
  "disentanglement": 0.03951470554962274,
  "completeness": 0.0321079299687721,
  "elapsed_time": 353.80369901657104,
  "uuid": "48c3e3fe-7b6e-40ee-ac66-71d4b7515081"
}