{
  "SAP_score": 0.0024800000000000056,
  "elapsed_time": 7.013498783111572,
  "uuid": "32b48095-6824-4afb-98c5-1b0b31c94202"
}