{
  "discrete_mig": 0.15583247113947551,
  "elapsed_time": 0.5751686096191406,
  "uuid": "986c9daf-843c-4742-88eb-471d07894cb4"
}