{
    "step30000": {
        "factor_vae_metric": 0.5486,
        "modularity_score": 0.8018050344622104,
        "sap_score": 0.003520000000000001,
        "mig": 0.014368945708957446,
        "dci": 0.12392154212314944
    },
    "step60000": {
        "factor_vae_metric": 0.5796,
        "modularity_score": 0.8544101945037706,
        "sap_score": 0.008079999999999997,
        "mig": 0.018838732042883527,
        "dci": 0.16273574004473845
    },
    "step90000": {
        "factor_vae_metric": 0.5966,
        "modularity_score": 0.8682550339929598,
        "sap_score": 0.0036399999999999987,
        "mig": 0.02061915362641852,
        "dci": 0.18811409483169775
    },
    "step120000": {
        "factor_vae_metric": 0.6222,
        "modularity_score": 0.8646989115194215,
        "sap_score": 0.0036799999999999945,
        "mig": 0.02003943285867349,
        "dci": 0.21306135521668354
    },
    "step150000": {
        "factor_vae_metric": 0.6426,
        "modularity_score": 0.8642297318388948,
        "sap_score": 0.004919999999999996,
        "mig": 0.017955194110908512,
        "dci": 0.2229485493649213
    },
    "step180000": {
        "factor_vae_metric": 0.6622,
        "modularity_score": 0.8646402916828919,
        "sap_score": 0.009800000000000005,
        "mig": 0.020356390694311235,
        "dci": 0.23074490288787367
    },
    "step210000": {
        "factor_vae_metric": 0.67,
        "modularity_score": 0.8600587385463678,
        "sap_score": 0.010600000000000002,
        "mig": 0.018791238202371406,
        "dci": 0.23604759548331347
    },
    "step240000": {
        "factor_vae_metric": 0.6878,
        "modularity_score": 0.8646119410111688,
        "sap_score": 0.013560000000000006,
        "mig": 0.022539022088929588,
        "dci": 0.23839696033092622
    },
    "step270000": {
        "factor_vae_metric": 0.7106,
        "modularity_score": 0.8680698319100084,
        "sap_score": 0.008560000000000003,
        "mig": 0.023787199671877375,
        "dci": 0.24060486968641603
    },
    "step300000": {
        "factor_vae_metric": 0.7156,
        "modularity_score": 0.8710408773965888,
        "sap_score": 0.01212,
        "mig": 0.02700258581799549,
        "dci": 0.24056583546052965
    }
}