{
    "epoch100": {
        "factor_vae_metric": 0.4362,
        "modularity_score": 0.8212030435410945,
        "sap_score": 0.00555999999999999,
        "mig": 0.008002418668247661,
        "dci": 0.028816741687693635
    },
    "epoch200": {
        "factor_vae_metric": 0.3942,
        "modularity_score": 0.7941740128914286,
        "sap_score": 0.004399999999999998,
        "mig": 0.007265469891705773,
        "dci": 0.024899174835539294
    },
    "epoch300": {
        "factor_vae_metric": 0.4016,
        "modularity_score": 0.7888271112688724,
        "sap_score": 0.008159999999999992,
        "mig": 0.007347413704239633,
        "dci": 0.025586080277108878
    },
    "epoch400": {
        "factor_vae_metric": 0.4004,
        "modularity_score": 0.7670496363993994,
        "sap_score": 0.004879999999999992,
        "mig": 0.007634614375813438,
        "dci": 0.027463881931459395
    },
    "epoch500": {
        "factor_vae_metric": 0.3978,
        "modularity_score": 0.7467437200222256,
        "sap_score": 0.004560000000000003,
        "mig": 0.011083102243265303,
        "dci": 0.02795037020948129
    },
    "epoch600": {
        "factor_vae_metric": 0.4014,
        "modularity_score": 0.7396296806946412,
        "sap_score": 0.0038399999999999936,
        "mig": 0.01006483596664403,
        "dci": 0.03133709983066976
    },
    "epoch700": {
        "factor_vae_metric": 0.391,
        "modularity_score": 0.7203878140577176,
        "sap_score": 0.003039999999999995,
        "mig": 0.011025348376352445,
        "dci": 0.030799346014076703
    },
    "epoch800": {
        "factor_vae_metric": 0.3972,
        "modularity_score": 0.7295692527884142,
        "sap_score": 0.003199999999999999,
        "mig": 0.009756449510440588,
        "dci": 0.030408537330987764
    },
    "epoch900": {
        "factor_vae_metric": 0.39,
        "modularity_score": 0.7189713711834063,
        "sap_score": 0.002839999999999996,
        "mig": 0.010704150801852299,
        "dci": 0.03169712277921142
    },
    "epoch1000": {
        "factor_vae_metric": 0.3952,
        "modularity_score": 0.7213233096912341,
        "sap_score": 0.003920000000000003,
        "mig": 0.012260324707863823,
        "dci": 0.03333131107701165
    }
}