{
  "informativeness_train": 0.8159000000000001,
  "informativeness_test": 0.513,
  "disentanglement": 0.24056583546052965,
  "completeness": 0.19371623542318128,
  "elapsed_time": 354.3982357978821,
  "uuid": "94361505-13a4-40bc-bc97-bc7e193be6fa"
}