{
  "modularity_score": 0.8985478268094276,
  "explicitness_score_train": 0.863011548365068,
  "explicitness_score_test": 0.860205932811343,
  "elapsed_time": 5.119574785232544,
  "uuid": "c2db7a14-43f2-4194-a1b4-8b8d3b1002a8"
}