{
  "modularity_score": 0.8311607288186934,
  "explicitness_score_train": 0.8447173950911508,
  "explicitness_score_test": 0.8404957458388364,
  "elapsed_time": 4.334312438964844,
  "uuid": "ddea6297-6418-4fa2-a15a-a085b925664a"
}