{
    "step30000": {
        "factor_vae_metric": 0.7072,
        "modularity_score": 0.911069793813281,
        "sap_score": 0.06371999999999998,
        "mig": 0.12849129784233934,
        "dci": 0.28526320031646346
    },
    "step60000": {
        "factor_vae_metric": 0.6146,
        "modularity_score": 0.9119817383014484,
        "sap_score": 0.05828000000000001,
        "mig": 0.14645863328471045,
        "dci": 0.3129247954458725
    },
    "step90000": {
        "factor_vae_metric": 0.6146,
        "modularity_score": 0.9352748174924942,
        "sap_score": 0.06988000000000001,
        "mig": 0.14282910404075186,
        "dci": 0.30130549569669973
    },
    "step120000": {
        "factor_vae_metric": 0.634,
        "modularity_score": 0.9259815327649463,
        "sap_score": 0.06595999999999999,
        "mig": 0.14910560177577556,
        "dci": 0.29594241973756413
    },
    "step150000": {
        "factor_vae_metric": 0.6414,
        "modularity_score": 0.9042088936423299,
        "sap_score": 0.06135999999999999,
        "mig": 0.14992437139663525,
        "dci": 0.29866754566655923
    },
    "step180000": {
        "factor_vae_metric": 0.6526,
        "modularity_score": 0.9250938000135257,
        "sap_score": 0.06032,
        "mig": 0.1570534824817332,
        "dci": 0.2904290809893872
    },
    "step210000": {
        "factor_vae_metric": 0.653,
        "modularity_score": 0.9101429575423061,
        "sap_score": 0.044079999999999994,
        "mig": 0.16328587632135552,
        "dci": 0.2959738479912101
    },
    "step240000": {
        "factor_vae_metric": 0.6566,
        "modularity_score": 0.8975016450262432,
        "sap_score": 0.0504,
        "mig": 0.16729464715467657,
        "dci": 0.3008118298678327
    },
    "step270000": {
        "factor_vae_metric": 0.6544,
        "modularity_score": 0.9107235948795671,
        "sap_score": 0.0492,
        "mig": 0.1830696752430758,
        "dci": 0.2941819408402552
    },
    "step300000": {
        "factor_vae_metric": 0.6594,
        "modularity_score": 0.9229845588726366,
        "sap_score": 0.06824000000000001,
        "mig": 0.19699978755837205,
        "dci": 0.3057530413670976
    }
}