{
  "discrete_mig": 0.19238255089223316,
  "elapsed_time": 0.6188433170318604,
  "uuid": "cf108d1f-463f-40ab-ad2e-1098f1501645"
}