{
  "informativeness_train": 0.7252,
  "informativeness_test": 0.45316,
  "disentanglement": 0.13615509321438382,
  "completeness": 0.15494034028702963,
  "elapsed_time": 353.61698746681213,
  "uuid": "1006d4f7-6ba8-47ad-88db-cf06a77aa513"
}