{
  "informativeness_train": 0.7307400000000001,
  "informativeness_test": 0.48976,
  "disentanglement": 0.2434533678329518,
  "completeness": 0.263827730597029,
  "elapsed_time": 499.73260498046875,
  "uuid": "ca7a3ea6-728a-4118-bace-af1777da0529"
}