{
  "SAP_score": 0.06824000000000001,
  "elapsed_time": 3.326296091079712,
  "uuid": "3c87be8e-e02f-4c0d-bd4e-61397848b8ae"
}