{
  "SAP_score": 0.003920000000000003,
  "elapsed_time": 7.474776983261108,
  "uuid": "e332df0a-e42b-48d1-bb77-8d7f469db8a3"
}