{
  "discrete_mig": 0.013518105350333464,
  "elapsed_time": 0.589226245880127,
  "uuid": "c6a42a29-14fe-418b-bcd8-8023715df162"
}