{
  "discrete_mig": 0.012037941614490415,
  "elapsed_time": 0.587876558303833,
  "uuid": "c85452f4-d7fe-47a3-9fc8-47a81fa79ef9"
}