{
  "discrete_mig": 0.005943490390291897,
  "elapsed_time": 0.9319655895233154,
  "uuid": "70763b5c-09d5-45dc-a69f-0e6f233c1206"
}