{
  "discrete_mig": 0.013518105350333464,
  "elapsed_time": 0.5981674194335938,
  "uuid": "3511c699-1688-4172-90c3-2a24e8ff471c"
}