{
  "discrete_mig": 0.009753965679387357,
  "elapsed_time": 1.0050618648529053,
  "uuid": "dbdc9ccd-74ea-45a1-93a7-27cdb8f2895b"
}