{
  "SAP_score": 0.21528,
  "elapsed_time": 3.352771282196045,
  "uuid": "115f29ee-1a8b-4b1c-a664-2f3538fb84bb"
}