{
  "SAP_score": 0.004879999999999998,
  "elapsed_time": 7.2487359046936035,
  "uuid": "cf6dd7d1-7240-4d1c-811e-37ac94284a59"
}