{
  "SAP_score": 0.006079999999999999,
  "elapsed_time": 4.507261514663696,
  "uuid": "3b8642e3-d822-41da-955c-bb96eb8f1226"
}