{
  "SAP_score": 0.005000000000000002,
  "elapsed_time": 4.866308212280273,
  "uuid": "4000f0f1-3c50-4ff9-81d2-90a900293889"
}