{
  "SAP_score": 0.006079999999999999,
  "elapsed_time": 4.828233242034912,
  "uuid": "c71fc982-c2d3-461a-aa04-8923bb5544ae"
}