{
  "discrete_mig": 0.024029100364890664,
  "elapsed_time": 0.9111168384552002,
  "uuid": "910c69f0-18b1-4ef8-b12c-5ca515e2e89e"
}